"time","meanAR","maxAR","meanSD","maxSD","eigenMAF","mafAR","mafSD","pcaAR","pcaSD","eigenCOV","maxCOV","mutINFO"
455,0.472510202411579,0.950924063417848,33.00578731843,83.8342307886478,-0.0221564693505947,0.954312501397288,0.985293343282921,0.58082086106297,1.44550171511473,2.08947520839962,0.37703207189747,0.542223206260785
456,0.474647580445545,0.951924268205232,33.0056253457152,83.8183795526676,-0.0223953934918821,0.955482629618354,0.986758971891873,0.581197985505552,1.44546080373758,2.08935693514168,0.381347027889704,0.54092345661705
457,0.472184937789623,0.950664419348846,32.9653229620437,83.7046233842069,-0.022267802729129,0.954242734085671,0.987083941610278,0.581251843925525,1.44500282419459,2.08803316193035,0.380757101908078,0.537526323698901
458,0.475493951734397,0.953819577003824,33.0443200501749,83.9130632457143,-0.02231628174716,0.957078191182382,0.987165708910686,0.585709699923662,1.44643094243377,2.09216247122983,0.383019047182631,0.544343295399623
459,0.474662258778198,0.951557831298549,33.035142109113,83.8836311018402,-0.0223735201551602,0.955075285767483,0.986627721921197,0.583726288429114,1.44539656069254,2.08917121766182,0.380158950719722,0.532499896879872
460,0.475499580099683,0.951203595167841,33.084686612807,84.024139477356,-0.0222687636083467,0.954816406879417,0.98678727517298,0.58583517101681,1.44779255499136,2.09610328228841,0.385417490985459,0.53616501978227
461,0.474000695501308,0.950286889039094,33.123639124329,84.1312293719021,-0.0221622708779659,0.954351837090256,0.988022454134034,0.58324880324925,1.44550951094305,2.08949774622682,0.377889144289511,0.541538630406892
462,0.472786304568877,0.951333411298434,33.1008737858595,84.0582929072271,-0.0221545600693875,0.954484974496666,0.988143049942658,0.585171680032271,1.44582214666049,2.09040167977395,0.379201756037049,0.539889552417333
463,0.475335106261257,0.951149380273549,33.2116953191965,84.3798473494595,-0.0221948420389457,0.954196141295578,0.98823405034742,0.588814562683357,1.44661977100096,2.09270876185088,0.38071472269738,0.530836193345015
464,0.479184367964349,0.951451311304676,33.2874709602026,84.5620531396631,-0.0222667540165867,0.954741020078874,0.987780860506677,0.591476475720327,1.45007028559623,2.10270383316912,0.388598870190946,0.545328189089502
465,0.476065162710415,0.949573064244627,33.3039449243163,84.6396796803113,-0.0223410892251041,0.953700884330446,0.988168320866165,0.586870228721563,1.44819737681832,2.09727564222346,0.381939258805638,0.530234030285242
466,0.474249506748304,0.950152436793605,33.3213959954843,84.7006214141778,-0.0222372182546911,0.953608465184183,0.988428174689063,0.586421483127263,1.44856528257947,2.09834137789455,0.381269541134798,0.535264478809069
467,0.479431733367908,0.953213795871861,33.4518881589456,85.0392211081937,-0.0224304866032602,0.956206091488154,0.98762847342266,0.593943198750896,1.45088615122135,2.10507062380589,0.38588708387052,0.525513774133445
468,0.482481040123642,0.949666521401424,33.590696551944,85.420745143815,-0.0226293736497979,0.952788988356013,0.987736583201449,0.596834231303289,1.45385050782118,2.11368129909189,0.392512195792593,0.525594969870246
469,0.487113352127939,0.95000672196625,33.706616521834,85.7500189369565,-0.0227287408310876,0.953336080456587,0.987883354965644,0.601679496947985,1.4557202482785,2.11912144124803,0.396676916075692,0.528193311690305
470,0.490350183917663,0.952384473948165,33.7864257500771,85.9411659392713,-0.0227737243146224,0.955713852881354,0.988765155016069,0.604909531157019,1.45844055225,2.12704884444727,0.402969294714111,0.539629336979513
471,0.485213937735259,0.948542995008417,33.7963934825834,85.9276216507816,-0.0228785274871849,0.952902899228851,0.988455160374694,0.597888265843574,1.45454861788933,2.11571168180375,0.389842207868504,0.5322316018472
472,0.48365021626037,0.950966095461385,33.8329205619333,86.0181614027358,-0.0228205565351906,0.955027927653174,0.987301905240143,0.5936088216456,1.45609328579951,2.12020765695041,0.393943112094818,0.540487729336032
473,0.489324288863911,0.948033235262443,33.7493038171983,85.7829615976265,-0.0231451558608276,0.951761032669003,0.987396276506727,0.604025679462549,1.45506857646271,2.11722456220921,0.391884361947905,0.531465540132065
474,0.492140000525096,0.949220344541999,33.7545036109823,85.8281158299069,-0.0230722152268768,0.953512300621947,0.987512001059567,0.606547068009525,1.45848350484488,2.1271741339046,0.40165525988628,0.52475703239133
475,0.494213679589565,0.947794667377954,33.9517156573259,86.4066414826295,-0.023285596126735,0.951608063926483,0.989054182216488,0.61239872320592,1.4593769466954,2.129781072546,0.403433907879887,0.537119164467515
476,0.494919995886608,0.948374822779879,34.0401942162467,86.6702431773888,-0.0233557523767789,0.952913215743679,0.990181610853229,0.610988582625078,1.45944968789202,2.12999339148811,0.403788776873554,0.553106084576057
477,0.496456699679166,0.949357675253576,34.1504847257145,86.9384577304026,-0.0232722471148652,0.952735574056892,0.98983892487142,0.617592058490459,1.46179254007442,2.13683743021724,0.408863600920446,0.564293419266476
478,0.495099403294357,0.946672618977302,34.1482591329704,86.9406347184202,-0.0234071875575571,0.950890761911633,0.988413453662322,0.612037309764061,1.46275831706849,2.13966189415303,0.413445531977305,0.56811067695649
479,0.493982625213708,0.94861081392668,34.1777799466905,87.0344930312056,-0.0234295523555849,0.953289058054946,0.987923171056317,0.610233623197687,1.46221489777805,2.13807240728406,0.410212831627313,0.574509560938279
480,0.493265829272653,0.946582088276146,34.2083709031491,87.1544963010661,-0.0232529509500709,0.950893989110373,0.988049168725935,0.611435136192346,1.46154949347673,2.13612692188209,0.4076089230439,0.576320155240538
481,0.495358883907819,0.948435574146979,34.3330249464063,87.5355623829877,-0.023285289752512,0.952589845186958,0.988138190796822,0.614013048553991,1.46207360442047,2.13765922474307,0.407754572195914,0.578145479785587
482,0.492767104645548,0.949769964964311,34.2842585733259,87.3773499556868,-0.0231829032705519,0.953792093053893,0.988144298318923,0.609319657692248,1.46062289037994,2.13341922790185,0.4081167811131,0.57547622001537
483,0.492340769017232,0.947708202967635,34.3085135989567,87.4521436360378,-0.0232646191632311,0.952233075826162,0.990640080786541,0.611723714348486,1.46065687920545,2.13351851877019,0.408341270448229,0.577675749180099
484,0.493755376895905,0.949029104829561,34.3646669790615,87.6005087373648,-0.023190566532112,0.953273673035634,0.991359063714973,0.613707621628743,1.46207501752005,2.13766335685624,0.409918476799994,0.585098456814632
485,0.495007455700527,0.94912339221819,34.423508431819,87.7621417123339,-0.0230761933621521,0.953327607051707,0.99151276657539,0.615576470385069,1.46275470569358,2.1396513290287,0.410496831662801,0.588184832807026
486,0.497202858663839,0.950233034230959,34.6517383676819,88.4303535362049,-0.0230256158202254,0.954782152714389,0.99165628933548,0.619930878155732,1.463904565062,2.14301657560937,0.412832432697163,0.582233178041506
487,0.498998951012961,0.947891990679656,34.819733889852,88.9047699685138,-0.0230471773719663,0.951830356810975,0.992180555587893,0.623808074898477,1.46749749246524,2.15354889039176,0.420650681337542,0.587794953516639
488,0.501415006503248,0.948028605649882,34.9498710806427,89.2737700274284,-0.0231657767641561,0.952172598386486,0.992118501342678,0.625667854574107,1.46892437191178,2.15773881039643,0.423554776856182,0.592682963009716
489,0.503990575069925,0.949622248576339,34.8874991852562,89.0907350920774,-0.0230955293296054,0.953354541306508,0.992313919229486,0.628441703619134,1.46845799054883,2.1563688700067,0.423135774086024,0.580911628207824
490,0.506038672743947,0.949083538503202,34.9264603543912,89.1618518517201,-0.0229859595361719,0.952674896321186,0.99132250377544,0.630899568615728,1.47049208923207,2.16234698449409,0.429009910350569,0.582883201265045
491,0.506739871319666,0.94715475463789,34.9554912942986,89.2405721018048,-0.0231512173331779,0.951284445758668,0.991219556448075,0.629883425376049,1.47181044645522,2.16622599029471,0.432310090107686,0.591742965713918
492,0.508099189693986,0.948565951266798,35.0248377605812,89.4547415819822,-0.0232374722103509,0.952159722008791,0.991155860425074,0.632004829205835,1.47209076662494,2.1670512251824,0.431698320199641,0.596099112604803
493,0.506691720877877,0.949256199667307,34.9701980184253,89.280527747892,-0.0232466204112053,0.953537685808611,0.9918657496544,0.628374505269569,1.4707429357437,2.16308478304,0.42768877433808,0.595188083449813
494,0.507787044717956,0.948858865197247,34.9349153514797,89.1824335993376,-0.0232838978258681,0.952336236248298,0.992054966237366,0.632726422020468,1.47033718839417,2.16189144757487,0.426995630024414,0.582220084715478
495,0.510639981061407,0.948369011065394,35.1085525548659,89.6674954351864,-0.023369972965275,0.952318194177729,0.992187751763212,0.635327132123391,1.47288272781384,2.16938352989233,0.432129368699509,0.583133500978477
496,0.512791382768493,0.949665907371393,35.1292876065827,89.7614364264097,-0.023330646273008,0.952784062342058,0.992112784183234,0.637131193461398,1.47312569004179,2.17009929866109,0.430531752387474,0.579996622753905
497,0.515545993581524,0.949967529428612,35.3198012177739,90.3137331474203,-0.0233885072445965,0.953327920788441,0.990189937637459,0.64290795139063,1.47099582872964,2.16382872814001,0.426171518069588,0.577209349820318
498,0.518861650860866,0.949071419343155,35.5364159395368,90.97250263757,-0.0232194099623695,0.952257899800163,0.990742621266157,0.648874308367008,1.47644818439809,2.17989924121241,0.440383992027297,0.57962205735296
499,0.515274194799599,0.947012053342844,35.5316875048527,90.9751252584531,-0.0234810847050657,0.950760280375951,0.989426419498052,0.641993229964937,1.47541173960962,2.1768398013779,0.437286285537014,0.580531995290822
500,0.515198004398848,0.948016480313134,35.4869751129568,90.8629051460898,-0.0235839020890768,0.951101561849224,0.989590004218376,0.642685977278418,1.47425727859276,2.17343452348372,0.434468364949149,0.589674081490083
501,0.518817015805248,0.949533164979067,35.495475370657,90.8720981351797,-0.0236960684956765,0.953053836731572,0.989164737612322,0.645608503156148,1.47649393755538,2.18003434763778,0.43912297400808,0.578252515210857
502,0.517956229096789,0.947749950813721,35.5114639880835,90.9188949379933,-0.0237027294339686,0.951264232699046,0.988838581571372,0.645786026464525,1.47758282108147,2.18325099315506,0.440193408683329,0.575333226037287
503,0.521161581574631,0.948631199350684,35.5686709747457,91.0735339835055,-0.0236315819799087,0.951804799047234,0.989663985804781,0.64890677118527,1.48122585365375,2.19403002953228,0.443849459799155,0.591031948571424
504,0.519183935259313,0.946162042248485,35.4858188779319,90.8329553931171,-0.0238466840874026,0.949777244496096,0.988518515415346,0.644547382719297,1.48117287943117,2.19387309876242,0.444493748107275,0.58828168807361
505,0.520858660632174,0.948543102934745,35.5102062676282,90.8948752478557,-0.0240800963837049,0.951579748301129,0.987818672557549,0.647583884128341,1.48146533130934,2.19473952787151,0.445035735596008,0.589281740509247
506,0.521335493528434,0.947474090080041,35.5239779416969,90.9286991248575,-0.0241463318356123,0.951098088169878,0.987014163905131,0.645657690275601,1.48327271499952,2.20009794706205,0.450194163659848,0.609780249215869
507,0.519997816856209,0.947776860893484,35.584648545199,91.1121666993843,-0.0240545616823348,0.951531228617263,0.986949651655232,0.644938463535341,1.48306780547775,2.19949011564458,0.449411185574482,0.617705778031118
508,0.51870667807408,0.94589949691378,35.43791106813,90.713579321945,-0.0243223169917003,0.949900878958103,0.986828102997093,0.643988586019371,1.48105347909042,2.19351940792583,0.445254260175346,0.618501253060977
509,0.518557309550087,0.946859137502178,35.5339581272086,90.9987223462762,-0.0242547629881836,0.95054569497288,0.987353745708034,0.644187879398165,1.48254549929454,2.1979411574785,0.44547097847614,0.629852329568922
510,0.51714398311371,0.94613749030634,35.6215724359273,91.2777862991617,-0.0242562507774798,0.950391742455259,0.988027705557219,0.642221923824772,1.48116514727819,2.19385019351162,0.442156441491157,0.634559124848158
511,0.517730077106201,0.948466583516249,35.892579864932,92.0324091246286,-0.0242883377367387,0.952482358553156,0.98782690974142,0.646371707574459,1.48335817208425,2.20035146668911,0.445733054425621,0.628572489871864
512,0.518470614496923,0.948488126607552,35.8953918467835,92.0951312312171,-0.0240601891641052,0.952503139680127,0.988289959356296,0.644916531220405,1.48202361224344,2.19639398724708,0.441432564888098,0.621683543576678
513,0.521941226128425,0.952304799254807,36.1128055264653,92.7070161753608,-0.0242128079892685,0.956633789701121,0.988933888728666,0.649004327228957,1.48102232185865,2.1934271178436,0.437297618173797,0.616293131048029
514,0.52098109721853,0.945996613213661,36.2478537120028,93.0890347509319,-0.024867471210148,0.949709814280331,0.989618915450854,0.649420746115821,1.48296353288598,2.19918083986966,0.441561825138641,0.623871336373628
515,0.521627144702582,0.944761799666817,36.1737701939704,92.8614678948516,-0.0251086849532223,0.947724361440561,0.988519288819795,0.65299893604463,1.48176967505369,2.19564136990871,0.440772340722963,0.622713123034448
516,0.52046837105574,0.946647048123517,36.1588222611916,92.8038031174888,-0.0250628026407699,0.949808769776958,0.98967766502654,0.652494726526825,1.47929889576812,2.18832522302079,0.433199496035553,0.617736364748863
517,0.517698490411142,0.944897576246437,36.2280766274398,93.0025387829313,-0.0246562815671633,0.947287351969816,0.990577073702554,0.653380362190642,1.48201209911936,2.19635986193618,0.440553173243535,0.620437145695019
518,0.518909879022434,0.944865590134069,36.2271406629415,93.0213025306576,-0.0247453907853802,0.948298079281896,0.990200483050226,0.650011101650507,1.48384733869356,2.20180292454796,0.446086891913386,0.631419845220385
519,0.523279361850763,0.946609869959934,36.1656049709179,92.8893851099178,-0.0248147655682666,0.949491134504774,0.991326701978595,0.657557543170391,1.48159880624135,2.19513502265579,0.440426023295326,0.625984428165919
520,0.526039424274182,0.946938449843792,36.3398225555564,93.3914206588563,-0.0247932971877416,0.949809073357019,0.992053207687512,0.660758001143717,1.48455605683745,2.20390668589276,0.447176918208815,0.636587366731712
521,0.523677643073044,0.94629843544214,36.2756605476915,93.1908876467967,-0.024774903313167,0.949383630622076,0.991529087097512,0.656848452871043,1.48462967095793,2.20412525988866,0.447808092348386,0.640820160847976
522,0.53048615126865,0.948913306461555,36.2191711104442,93.0473441266309,-0.024809352192457,0.951573947472724,0.99237410400519,0.667498555500814,1.48399485583848,2.20224073215509,0.446809120123301,0.645606053413199
523,0.531772739456801,0.946334930403503,36.2838720635769,93.2274255546002,-0.0247894995235598,0.949312945823448,0.993304180275005,0.667462962339726,1.48583157972097,2.20769548329611,0.450049822198791,0.661104775051522
524,0.531061088195646,0.945087956621863,36.229872051084,93.0877811673611,-0.0248355319686878,0.947840766362004,0.992729352916092,0.667434075316254,1.48485782210355,2.20480275186209,0.448274954183843,0.646645314051185
525,0.531305125452733,0.946839170793197,36.3336376322885,93.3964800505893,-0.0248381275864894,0.949979877988861,0.992041599852738,0.667340999606077,1.48554432301041,2.20684193562845,0.448850632275578,0.639002094077646
526,0.534751866155826,0.94863026498963,36.4829047138693,93.8473367217688,-0.0248069857096779,0.951413433090676,0.992192168244674,0.672361545357541,1.48600881710209,2.20822220450514,0.448500833845818,0.644351639202751
527,0.535394045597275,0.947315256169998,36.5781783967475,94.1295693659371,-0.0248813003698487,0.950607405270279,0.992582382000224,0.671666297609956,1.4862432622848,2.20891903468696,0.448947942981263,0.640235424944041
528,0.534924539318739,0.947079563115987,36.6282070314877,94.2694560974389,-0.024654033100677,0.950249138961011,0.993256787897765,0.671186252805671,1.48641195582312,2.20942050241392,0.448051704026571,0.644074170050667
529,0.53528376679572,0.945158068331405,36.6723055375814,94.3160305572723,-0.0250967878900615,0.947613722234587,0.993450440930716,0.675846202399335,1.48692144118205,2.21093537224689,0.450380109134792,0.644872841796792
530,0.541492571743585,0.947565246954042,36.8259740861814,94.7170608568983,-0.0252482927713237,0.950046532887736,0.993020337939074,0.680357444007403,1.4891840481903,2.21766912938444,0.454381684954935,0.643345767169995
531,0.546451124685732,0.946576919794598,36.9498426152398,95.049941737039,-0.0252183990734951,0.948815061348146,0.992787967597652,0.684656442286717,1.49085220576192,2.22264029942517,0.456910775978098,0.64122413971354
532,0.547436399695364,0.946844891201865,37.0376486026424,95.314742043559,-0.0250702178071566,0.949703288934858,0.99307440826873,0.68379894806707,1.49231403382963,2.22700117556486,0.460424248776485,0.662530268143127
533,0.547609409542397,0.946205975027943,37.134598820804,95.5929212388976,-0.025009808824763,0.949187323659197,0.993520212280243,0.684007840612593,1.49319285725102,2.22962490894548,0.461760302503668,0.663708970265851
534,0.548686471702307,0.947501785970821,37.191434727915,95.7772190104048,-0.0248901552139808,0.950266865919449,0.994131610812573,0.686362537188542,1.49329578443615,2.22993229981479,0.46034188510897,0.668588996186619
535,0.550856629662937,0.946380850923957,37.3824312811191,96.3079180400734,-0.0249816426799764,0.94882551903381,0.995340624091542,0.689636044866194,1.49524656905435,2.23576230226881,0.462940269274116,0.668305323677743
536,0.550435238308737,0.946501385345563,37.3783660040401,96.297393170593,-0.0249590083002966,0.949165289040915,0.995841459393128,0.688261803796923,1.49362185932784,2.23090625866195,0.458609221750215,0.661547727989998
537,0.55108673832647,0.945795983458571,37.4407551081415,96.4889388064805,-0.0250073786667298,0.948668954869463,0.996350426917305,0.688368155592613,1.49384649434597,2.23157734866974,0.459691716504277,0.6651578015814
538,0.550935210363045,0.946866543624489,37.4324172416243,96.4634051176485,-0.0249702309320458,0.949441070566948,0.996437363129446,0.688532274418614,1.49359677017547,2.23083131187861,0.459071576863875,0.65433614889132
539,0.551951659960875,0.948517111919105,37.4534744503729,96.4628218708733,-0.0250217164445243,0.950982781129895,0.995644317242278,0.689830172809657,1.49539011432704,2.23619159402705,0.465768971175465,0.655179864609324
540,0.55179019805384,0.945158346876289,37.4855793073183,96.5793165233283,-0.0252178825538077,0.948284465366821,0.997639194556806,0.690836146980237,1.49356758664405,2.23074413587373,0.460836474713067,0.650490154834594
541,0.553405504347089,0.944987151965403,37.6812666524218,97.1597699091697,-0.0253089430314735,0.94794025629516,0.998370239029943,0.693247753761446,1.49590582187869,2.23773422793057,0.466737628264413,0.645431958266585
542,0.558676890886187,0.946815367528365,37.9775186839356,97.9953086134159,-0.0258216867724746,0.949525067824764,0.998716632701907,0.699378637292172,1.49793105263524,2.24379743844892,0.470689856343516,0.628618651687986
543,0.556766404569434,0.94642799333854,38.0261328729589,98.1306879202454,-0.0255662954027658,0.949432559735489,0.99872955919497,0.69554130778089,1.4984689541707,2.24540920661343,0.47172053074556,0.631114047602031
544,0.556819512908666,0.945079255101263,38.066818605582,98.245724905053,-0.0254849751023799,0.948055526049685,0.998735609033566,0.694634071933856,1.50067991072161,2.25204019444342,0.478119348921241,0.638161551632289
545,0.557955207439463,0.946332700501638,37.9747214172128,97.9802149303141,-0.0254758568042855,0.949012714675454,0.998649302782769,0.696868856347956,1.49960787139034,2.24882376793586,0.476415250048061,0.634558333930576
546,0.556793800257427,0.944346275677809,37.9696772377151,97.9683175330551,-0.0256496956620416,0.94778755439738,0.998961103940674,0.694070179929791,1.49936743961925,2.24810271899038,0.475768117746496,0.639103345851675
547,0.556324438902827,0.945299918221618,37.934973703472,97.8942148849171,-0.0257001846386724,0.94903096688685,0.999664456756744,0.694749635244941,1.49609496928629,2.23830015712375,0.465500361619354,0.642934557033955
548,0.556115984036199,0.94606344020947,38.1964577601422,98.6649894334567,-0.0254854439422058,0.949071172281512,1.00116305805117,0.696104539809928,1.4983576381048,2.245075611667,0.466427034151734,0.656728231763318
549,0.559464303270161,0.946078443603209,38.3306965105011,99.0406373453167,-0.0254988039207663,0.949072290717755,1.00142356875799,0.699489488617942,1.49952439654237,2.24857341582576,0.468802049832071,0.664426774795811
550,0.559846476857437,0.942914907795848,38.4104983521519,99.2413108486637,-0.0258180598004588,0.946007945294199,1.00104740443024,0.698921172714024,1.50104036790632,2.25312218608434,0.472133072707203,0.664461348920316
551,0.561008045903434,0.945034240203747,38.3875428105544,99.2265843212655,-0.025783198321822,0.947891665102723,1.00283753170888,0.70016637269685,1.49997177866698,2.24991533679738,0.467373391382057,0.661022129072607
552,0.561208430898419,0.944398976401809,38.4506708680598,99.4134676927466,-0.0257642483506306,0.947265308986245,1.00361910143478,0.700806525309041,1.50102457888289,2.25307478641057,0.468539856486557,0.657042124803886
553,0.562909481924505,0.945590954610443,38.5839821651919,99.7812251065709,-0.0257630158050483,0.948370476947184,1.0036517000827,0.703100381415952,1.50238449720735,2.25715917744899,0.4708029495954,0.655106987195474
554,0.558748112075288,0.944327268779569,38.5511100335773,99.6876906315692,-0.0258072139844425,0.947494435641873,1.0022809549466,0.696419171063102,1.50033631484874,2.25100905765389,0.464562627048036,0.655035902611783
555,0.554965948061475,0.942974129079836,38.5155314037183,99.5730550177558,-0.0256449785738616,0.945902694695535,1.00228934364947,0.693005793873837,1.50003921675393,2.25011765179974,0.465059409482513,0.656462765404125
556,0.557310463277673,0.945782413972458,38.3770278240042,99.1536972383884,-0.0258163994204885,0.948044842041655,1.00191254843677,0.697583866696495,1.49801805174865,2.24405808336484,0.464960734069119,0.652370123376292
557,0.563161714752299,0.94789840296183,38.6297399266122,99.8065679790841,-0.0258103096951344,0.949967894372364,0.999959308413046,0.705114287939185,1.50125465235883,2.25376553122903,0.471741382409423,0.65529018676837
558,0.562976807324249,0.945402786203034,38.6814641629996,99.95077934958,-0.0257857367934713,0.948096973010973,0.999108621163642,0.700499451527705,1.50272458197163,2.25818116926182,0.475404992303385,0.6492381297355
559,0.564702274589989,0.946481895037556,38.7549424090583,100.147456237059,-0.0257578169043046,0.949324674337909,0.999339789277059,0.702182170360014,1.50372825330226,2.26119865977946,0.477690297011717,0.657248047766134
560,0.563565123526065,0.942946040543172,38.8092338665366,100.311160821375,-0.0255632834074201,0.945843111132615,1.00164469959898,0.700176942114552,1.5040739994101,2.26223859570148,0.476653187632848,0.661463725077662
561,0.563475906484607,0.943615886601658,38.8299822124128,100.380673668415,-0.0256717125937432,0.94670231342905,1.00216461548491,0.700520651956196,1.50436619126405,2.26311763741831,0.477492917167591,0.662728141991519
562,0.565545133795816,0.94542431608641,38.8586280473975,100.449914507616,-0.0257425621956657,0.948060846183848,1.00257154365157,0.70366293821858,1.50475337403575,2.26428271667198,0.478333460044079,0.670706347868691
563,0.572454428770867,0.947419041281855,39.1271202350064,101.19720816652,-0.0258497425788244,0.94995175784096,1.0018445722082,0.711733326679754,1.50688826942462,2.27071225652954,0.482606662076887,0.676835345053204
564,0.572623704771277,0.94593552746336,39.2166358220715,101.463623613508,-0.025761131858206,0.949123603011395,1.00135616462982,0.707920770753373,1.50862958015796,2.27596321012758,0.487303614356802,0.672086925660619
565,0.574282783742764,0.944831852931124,39.334111463598,101.821853824467,-0.0257493787066972,0.947680884548185,1.0021438547057,0.71110501328538,1.50884028491011,2.27659900536762,0.486424354601854,0.679478771443446
566,0.575329569504996,0.943803330418003,39.4296174425895,102.094134128555,-0.0256880908064548,0.946674226876959,1.00266552098017,0.711865974854771,1.51092606067882,2.28289756083842,0.491622224844452,0.685651349323772
567,0.576499904555453,0.94576020022339,39.4943858061531,102.275088989246,-0.0257363459791211,0.948444236678604,1.00287313135977,0.712410180566475,1.51173929506717,2.28535569625017,0.493110117823188,0.684359395720716
568,0.581604530461578,0.947320704683906,39.5265852248722,102.318929620416,-0.0257722505788626,0.949653914739773,1.00313753053655,0.719676785805965,1.51314978926145,2.28962228474196,0.497068314273035,0.690480003335269
569,0.58345845920163,0.943872093315367,39.5747033376982,102.456796147105,-0.0261888997237805,0.946810848759941,1.00354919290832,0.717048822072049,1.515270438193,2.29604450086161,0.503052528439523,0.69584665031975
570,0.585211977003132,0.945205163505642,39.4884633517342,102.269797675937,-0.0261354238315604,0.948184590748455,1.00304692779448,0.721862222297632,1.51364739545138,2.29112843775674,0.500105104557671,0.693231740631453
571,0.586791155731188,0.947095660394146,39.5682703071533,102.481660301092,-0.0260292296478967,0.949703641611053,1.00361571208572,0.724177178895513,1.51444029331952,2.29352940202973,0.501657039938125,0.693907789150761
572,0.587165543904874,0.947214341754261,39.5469843841798,102.377908741989,-0.0259775460988122,0.949501454609541,1.00257778367408,0.723538216226575,1.51451438168507,2.29375381233092,0.504478582916646,0.691450882415786
573,0.583796965720048,0.941746984312604,39.5165098355112,102.296631603824,-0.0264829185386217,0.944798486464373,1.0047711668048,0.718833962617888,1.51443891970926,2.29352524153014,0.504525178769819,0.692022661906615
574,0.585258333834112,0.941578200142922,39.4299232368677,102.031045472489,-0.0266475501736569,0.944259188121878,1.00447837061179,0.723680078593661,1.51378149740416,2.29153442188317,0.503305925729195,0.699382943592489
575,0.589404766807848,0.941553700294903,39.5742416801664,102.411089692747,-0.0268761200795806,0.944023590507958,1.00474983246192,0.726940311551941,1.51552954141931,2.29682979091461,0.506725356378755,0.699932310480404
576,0.592112787388039,0.944306488627132,39.6443127569905,102.602390516832,-0.0270336470644876,0.947306179420248,1.0059932665981,0.726788920752771,1.5169616908337,2.30117277145703,0.510337486855819,0.696334898608777
577,0.592967571191294,0.943329496355661,39.7762828206139,102.978241542124,-0.0269740099449209,0.946039168759132,1.00680730643495,0.728240110699924,1.51785358176048,2.30387949566312,0.511581886036508,0.702884135849332
578,0.596586963725728,0.944171655945977,39.7479055183083,102.895170092988,-0.0270592038779865,0.947144791209228,1.00837123447477,0.732124327437349,1.51768750435752,2.30337536088296,0.511262593218345,0.700813063574554
579,0.598251337074141,0.942335250680732,39.8596875671519,103.232971715172,-0.0270689516488007,0.945915394436252,1.01018909335217,0.733103786868697,1.5194525019553,2.30873590569822,0.514549233504722,0.711001886003838
580,0.598102390080046,0.943799681444959,39.8608542750877,103.288683104268,-0.0269019543644457,0.94671327872087,1.01011055283335,0.732554428193065,1.51886838773831,2.30696117927079,0.509658641265932,0.706365680099861
581,0.598300857671622,0.944103236134193,40.0479837224154,103.791015843106,-0.0266502643113047,0.946829494099156,1.00888100877362,0.733854603631241,1.52078375178061,2.31278321967992,0.513728539471979,0.713417472688531
582,0.600654505760184,0.943989416761606,40.1221279346286,104.005068958099,-0.0266817318055201,0.947048820158996,1.00952380084741,0.73537775000011,1.52142164772751,2.31472383017389,0.515281985914634,0.729844604869664
583,0.601048215012926,0.945611695936784,40.21048157779,104.22671357677,-0.0267817955160072,0.948340671084967,1.01084658302812,0.733975529675027,1.52302734086994,2.31961228103737,0.519474837410493,0.747191955191522
584,0.600934985950651,0.944947788733683,39.9537979473091,103.484307073702,-0.0266238028238018,0.947859325471323,1.01065890255664,0.735181941882134,1.52198593081251,2.31644117359122,0.517420564761145,0.737660039228289
585,0.596663102218993,0.939185681186731,39.8240099754928,103.122054036735,-0.0274950786613871,0.942618693218974,1.01132114203289,0.730130579369515,1.5208816298293,2.31308093195221,0.515222841156684,0.744012581476613
586,0.597769955946407,0.942373029688833,39.838133616244,103.116436221793,-0.0288270542416377,0.945767143597497,1.01366958364532,0.733484610444349,1.52151909393053,2.31502035319517,0.518216075005844,0.740182160860565
587,0.600845591163611,0.938559975230124,40.0373938176788,103.641379652714,-0.0290559018538181,0.94194555325265,1.01681678376644,0.736251000738737,1.52347347035216,2.32097141486685,0.521623862832852,0.741332569532878
588,0.6014736465096,0.937769772475123,39.972303427429,103.45096085693,-0.0291018226235157,0.941601325154356,1.01660215367406,0.734779361482882,1.52363116782029,2.32145193555342,0.52211928100923,0.740907122244767
589,0.603182376209101,0.938325285548419,40.0303265000661,103.595463305241,-0.0291292667488432,0.942303059639103,1.01653955027265,0.735810768194986,1.52543535456101,2.32695302094468,0.527375009511953,0.747851210233331
590,0.606001403210831,0.937443090529523,40.1221062091117,103.86996266309,-0.0290518439446781,0.941337344519414,1.01620648191129,0.739048121205856,1.52592470377992,2.32844620160582,0.527406048487429,0.753681184527364
591,0.608718480992237,0.937447389744874,40.2690077163195,104.283143698494,-0.029013470039661,0.941543433560129,1.0168481497461,0.741543891605753,1.52885016613847,2.33738283050162,0.534895697668703,0.767406682258077
592,0.612359715337015,0.940254526719165,40.3961783304534,104.599126036244,-0.0290227399472578,0.944144366601991,1.01808975262354,0.744679743766588,1.53107892804812,2.34420268391297,0.540090001905334,0.779956374831928
593,0.612686016298441,0.936118519305798,40.5066850663356,104.924632215525,-0.0294172565711201,0.940532157093998,1.02083325620838,0.744037163794307,1.53186752137695,2.34661810304956,0.5408953359196,0.788311803659675
594,0.613566095911768,0.935681699938715,40.6812478476964,105.438367319016,-0.0293568150976772,0.940301976725808,1.02229328390198,0.74432595605776,1.53215239698863,2.34749096759801,0.541233378924972,0.797106093948479
595,0.616613071960914,0.938653852542158,40.9111428371297,106.089319863172,-0.0293997800584693,0.942757592374315,1.02226841685745,0.748506526579517,1.53365627523018,2.35210157055292,0.544247413538709,0.803405140570749
596,0.619116994428496,0.93729586531666,40.9815848545519,106.221960519683,-0.0294698290016349,0.94063093352116,1.02133295306497,0.75125262020779,1.53550829263676,2.35778571675627,0.548388439490669,0.809943779296888
597,0.61896551578284,0.936115257604709,40.9285763313791,106.067351511155,-0.029399734034832,0.940332683387047,1.02076808182304,0.747947258350475,1.53701049038001,2.36240124753819,0.551910285960819,0.818894280909139
598,0.61926302603256,0.936077764490585,40.986690280764,106.230238453976,-0.0294718208629151,0.940756853091839,1.02133448753891,0.747171549270119,1.5372265286277,2.36306540031677,0.55225365467923,0.821141808483532
599,0.623437878007685,0.937639026737132,41.2664237540252,106.98784249253,-0.0295039876850257,0.941341669192083,1.02252415135959,0.755568240611736,1.53914137578911,2.36895617466598,0.554736998897889,0.821054645596416
600,0.62411378335097,0.935326390186182,41.3703923455729,107.277233856521,-0.0296453788351462,0.939676623232994,1.02229836728259,0.750701433800056,1.54118726290454,2.37525817933919,0.560168611201421,0.832431354892885
601,0.628423907717534,0.935001836625731,41.3802878385636,107.343891973051,-0.0300253147682373,0.938553580421103,1.02314986139445,0.755906169558578,1.54060453319127,2.37346232768949,0.558188332460339,0.84099435290051
602,0.628079959983218,0.934965903181049,41.3332947985425,107.209033369112,-0.0299846554011624,0.938537966110257,1.02190944692032,0.754324698971678,1.54270005302287,2.37992345359677,0.565354056221609,0.837858366570642
603,0.628418379959355,0.935037521542488,41.3931778972313,107.385831560612,-0.0301383954089718,0.939253004493133,1.02139983078795,0.75400439236619,1.54319375739692,2.38144697286882,0.56674717359988,0.82491997323994
604,0.629461493461242,0.936712316862933,41.5484043769675,107.861799788025,-0.0301219388326045,0.941458830157739,1.02274990824227,0.755465216385644,1.54233003355437,2.37878193240383,0.56344554358375,0.824614038210721
605,0.630121582125767,0.936830358788136,41.697020071611,108.25202314767,-0.029768820308182,0.940379573344661,1.02360800702829,0.759335267180324,1.54423486962081,2.38466133255281,0.56592690921417,0.832640262762917
606,0.631418238894599,0.934593462488728,41.7676113905655,108.446153423624,-0.0301315157885778,0.938313936890309,1.02451965622866,0.758915210296732,1.54523258893582,2.38774375390931,0.56800175579721,0.830178872886138
607,0.635604292762268,0.936778100072753,41.9544455973412,108.912975266676,-0.0306391696121668,0.940501172940126,1.02532185745772,0.762700009261649,1.54772334828183,2.39544756281672,0.574280609056877,0.844724246099961
608,0.635666775369177,0.934089314673815,42.0998377724956,109.337131154149,-0.0306880587329814,0.93831279498229,1.02676333809166,0.760905095237639,1.54847296947892,2.39776853720686,0.575261980305682,0.836605756018861
609,0.635380431244615,0.932946464230565,42.2018073376449,109.629093545993,-0.0308897751332685,0.937163978275088,1.02766494874739,0.760581658103735,1.54886475994792,2.39898204460852,0.575673484123154,0.836899049222863
610,0.637936354588744,0.935355866358666,42.4125720028356,110.245756620755,-0.0311268525522072,0.939617057198775,1.02861482742661,0.763553498728236,1.54959369749188,2.40124062730657,0.576799928995693,0.854858822939441
611,0.636707877380602,0.935123856969417,42.4298431352722,110.290470653311,-0.0311092932761495,0.938871267277553,1.02721125012964,0.761641602803736,1.54975332856448,2.40173537939669,0.577185180359436,0.863347952729355
612,0.639944835209809,0.936672493909076,42.4738232919717,110.427347344248,-0.0309457092869872,0.940807308085036,1.02776289768153,0.765402947278942,1.54925670601348,2.40019634112775,0.57589460492715,0.870089386388305
613,0.640359388690833,0.933890958727779,42.7745485901159,111.313785194222,-0.0311260750069182,0.938283688344273,1.03138626198158,0.765413909874532,1.54928584554918,2.40028663121903,0.576855233777737,0.883188180096436
614,0.643193553894296,0.935187850748076,42.8345069798321,111.434723727066,-0.0310261633588009,0.939259916063343,1.03179757928121,0.770661194029428,1.55031883987786,2.40348850528023,0.579363360817975,0.887387097786311
615,0.640632166551119,0.934093151537682,42.8656299233097,111.532926276509,-0.0308877831229581,0.938199560440927,1.03186739969694,0.765662958154454,1.54972436990653,2.40164562268218,0.576540302411253,0.878250093114012
616,0.641525349609743,0.934821551874456,42.9213481241921,111.689796329627,-0.0308151454435771,0.939161606051397,1.03188073867967,0.76676973588336,1.55026334380053,2.40331643513159,0.577877177447626,0.87520340487476
617,0.64451813418643,0.935336671295018,43.2501906267306,112.556023584165,-0.0308052619591756,0.939615270832043,1.03265600087702,0.772047030623758,1.55289405821265,2.41147995603215,0.583233583003538,0.875616136756578
618,0.646932479341175,0.935397985207229,43.4738351649736,113.20629617445,-0.0305405616295258,0.939754584999701,1.03417724262558,0.772012479052148,1.55367395726873,2.41390276549508,0.583840046455107,0.875537656944831
619,0.651848765861587,0.936541774544714,43.7951802373901,114.041378285144,-0.030536981726417,0.940595993510933,1.03473889866199,0.777651799280089,1.55721022039139,2.42490367049141,0.592163393892708,0.880608588738744
620,0.650251604441887,0.93784778884455,43.8305773331347,114.137170638038,-0.0301908245312639,0.942218492740131,1.03510301152354,0.772646444467366,1.55697907520141,2.42418384061505,0.591164844679923,0.867651858662587
621,0.649859330910085,0.933828589262224,43.9639085682642,114.524384571033,-0.030600353164706,0.938481393243719,1.04022952663414,0.773949918867083,1.55741077528702,2.42552832298013,0.591447380636388,0.867116525318475
622,0.648448260982882,0.934033331387321,43.9617341209282,114.533780576138,-0.0305523822073142,0.937924350442639,1.04229873249125,0.770864243546181,1.55716377251887,2.42475901444521,0.590007946736658,0.868608743098923
623,0.649642423930887,0.933020208941421,43.9183378223214,114.387177942754,-0.0305437601046126,0.937587256817566,1.04068519349812,0.771916056951288,1.55823627400002,2.42810028560947,0.592063295390531,0.872927389156446
624,0.650769333309876,0.935175740749872,43.9207626939543,114.399235730792,-0.0304524869409931,0.939272152218966,1.0410201473959,0.773024085037528,1.55834095460034,2.4284265307847,0.592181976266422,0.882078117444569
625,0.649662089093547,0.934085093068442,43.9289069404297,114.418096359605,-0.0304014221009165,0.938217606058679,1.04238393911024,0.770520784269244,1.55837696012397,2.42853874984523,0.592285502988812,0.888470805496608
626,0.654175588173701,0.937228463964633,43.8046491923559,114.0572639266,-0.0305816609968416,0.941483881493512,1.04360845122338,0.776345389994258,1.55663241964936,2.42310448990343,0.587545523644956,0.879435486600012
627,0.654436581453587,0.934492668162538,44.0220747292804,114.68035592231,-0.03036663289721,0.938757730310792,1.04804834670786,0.77867622705603,1.55887847367683,2.43010209569301,0.593529971888473,0.882431121889736
628,0.652826655884742,0.933224588554973,43.9914150336713,114.587673287905,-0.0303763738098355,0.937696153686542,1.04676805661566,0.77477423612064,1.55955426215459,2.43220949660455,0.595776989747127,0.891660437616342
629,0.653358261220936,0.934244142276125,44.0842493617908,114.886382590706,-0.0303577285668664,0.938778988168702,1.04727186482756,0.775820767021299,1.55915755311416,2.43097227543294,0.593791458279949,0.891918574537341
630,0.655504940313828,0.936178408015775,44.1383213047572,114.989503057999,-0.0302276450450478,0.940296235554615,1.04813572161491,0.780323487825618,1.56006461335426,2.43380159784016,0.596588252994843,0.886162797914821
631,0.657724642641139,0.937730938961932,44.3371936977816,115.53125859164,-0.0300134274008194,0.941755694487612,1.05191860383982,0.780991847511504,1.56136486554789,2.43786024336737,0.598583177352486,0.881002937438236
632,0.66167247404677,0.938792035741535,44.470428456023,115.821139262414,-0.0299486835084301,0.942182924984927,1.05197026633265,0.78709855829112,1.56338709157326,2.44417919809788,0.603634381197428,0.87806382040655
633,0.65795865187143,0.933722101209785,44.3740827172055,115.522963916031,-0.0303873524004783,0.937693024978884,1.04755806603739,0.778366932730323,1.56406260941494,2.44629184616988,0.605630071290142,0.868246661916559
634,0.65920697706146,0.934508514586341,44.3223878956226,115.383611359011,-0.0305592040632487,0.937923428580791,1.04742023873377,0.780334617071515,1.56357802379618,2.44477623649835,0.604925084731612,0.862516147751567
635,0.659712193983873,0.934722309050544,44.4474254564033,115.742239216748,-0.0305430259669707,0.938674471881335,1.04664212913365,0.780191545512254,1.56434397939946,2.44717208588335,0.606967405201083,0.861843606058567
636,0.658282715843405,0.936060040039532,44.4242034878423,115.685323840595,-0.0304566717497541,0.939959723724154,1.04638505855722,0.778636176685402,1.56373234955102,2.44525886103237,0.605286230107086,0.867184344938985
637,0.662827599386032,0.9382711559308,44.5317613658313,115.982854173017,-0.0304071941382244,0.941672977061772,1.04574110298767,0.785145124104796,1.56447841209154,2.44759270190046,0.606935364423096,0.862993699049877
638,0.661659343814063,0.935028160786054,44.7099129849821,116.512937407973,-0.0305132477857643,0.939629912744464,1.04741529629959,0.782773509047287,1.56374778797026,2.44530714438188,0.606664784193209,0.860876787862324
639,0.659792132143391,0.935845876531677,44.7184945780466,116.51123853742,-0.0300481812927517,0.939390286093167,1.04676330490925,0.783089203257642,1.56480419065276,2.44861215508444,0.611465805536207,0.861630869176783
640,0.65891739469863,0.934432355698641,44.7106290518334,116.488512384062,-0.0301112804443472,0.93820578103825,1.04695809013958,0.780476382437448,1.56549228032428,2.45076607975493,0.614034662795145,0.857409036336971
641,0.662091268636367,0.936632482767167,44.6961897151302,116.436288845116,-0.0301209451159562,0.940588983817755,1.04609390510904,0.785585485688741,1.56550042385964,2.45079157710471,0.613945747100561,0.840584878158952
642,0.658780522488268,0.934196186366763,44.6768509843117,116.381513732361,-0.0305097331785704,0.937725654150143,1.04387434473624,0.779520299321603,1.56567416887314,2.45133560307658,0.61460470452254,0.851429679008537
643,0.659281425176116,0.935334497767436,44.5800210493772,116.095007910303,-0.0304078976209415,0.939616506379378,1.04143835172226,0.780796493300704,1.56533459389205,2.45027239083518,0.613182864416347,0.85143326507264
644,0.662461975175066,0.934387805561989,44.6743082361183,116.385413973808,-0.0305847786520303,0.938359845380268,1.04039526437975,0.785111859169813,1.56472571885012,2.44836657523103,0.611805337434577,0.862065541842512
645,0.664540080454565,0.936154091935251,44.7703474481914,116.62528240732,-0.0302249197713284,0.939717762017059,1.04001600709903,0.787580146501817,1.56889226096071,2.46142292650242,0.624881126277298,0.8692825843808
646,0.664152047998042,0.934687360260264,44.963491880083,117.194549434256,-0.0299467419330555,0.939111865457166,1.0416678181933,0.786348002662668,1.56899316699503,2.46173955807709,0.625538984038705,0.867547222768442
647,0.664040439121382,0.93546951091127,44.9219032583297,117.053865644674,-0.0299114923643457,0.939066176596907,1.04017587008468,0.787764984086905,1.56971748752021,2.46401299062677,0.628153389412232,0.867167987342319
648,0.662353564844662,0.935376759599795,44.931709016227,117.067587710957,-0.0297921345483453,0.93930419849245,1.04095800886792,0.785531142283017,1.56828938209225,2.45953158598329,0.623784763876821,0.869093725922866
649,0.661402118727471,0.935525841752617,45.0725860931358,117.451379073389,-0.0295959328819523,0.939378594942317,1.04074497594164,0.785747326259649,1.5695070743732,2.46335245650753,0.626668601646074,0.866632492629511
650,0.663549832394878,0.937744177796317,45.095302171649,117.432412326745,-0.0296097981138698,0.941197726724014,1.04036170337748,0.788543285533776,1.5704149918033,2.46620324648057,0.630295734401415,0.866616855316293
651,0.67134055553762,0.938967612199555,45.5132861248688,118.576020494847,-0.0294955800465783,0.942773920864503,1.04260945014531,0.797271661184349,1.57210188243109,2.47150432874336,0.632667558799851,0.86844551337028
652,0.674758518828044,0.938101439329783,45.7240872872497,119.126289273806,-0.0292897047242221,0.941835857388772,1.04077580510695,0.797801219619228,1.57372468694067,2.47660939028652,0.636211293124232,0.869820269666715
653,0.67301144061119,0.936709712526207,45.7938609700822,119.332643951177,-0.0291404935367928,0.940953609959325,1.04041992097292,0.793143196654972,1.57478329256737,2.47994241854934,0.639065502375235,0.885910611575151
654,0.669791294475701,0.932636344015068,45.7809391307269,119.310705116617,-0.0300255409407069,0.935821132596894,1.04181900138597,0.789652569557163,1.57496782366305,2.48052364557393,0.6393686298755,0.883411220558198
655,0.673097092029362,0.935085523046502,45.6730559698368,118.963423077857,-0.0306160940000461,0.938074007423874,1.03960294830234,0.794504429686232,1.57510891950413,2.48096810830147,0.64025768372544,0.899223831927991
656,0.670667267103143,0.930471844495074,45.6204481147527,118.813990084186,-0.0309153472366007,0.93408608553593,1.03729669819808,0.790273322213256,1.57557724818945,2.48244366501225,0.641795186097107,0.888897398171159
657,0.672245807864074,0.933917668078548,45.7082874734136,119.047215331325,-0.0311919897329256,0.937196744594172,1.03664020100971,0.791951350198684,1.57693688789106,2.48672994839154,0.645115136313004,0.89551192417797
658,0.672693960011288,0.932975251436479,45.6898784481231,118.979570454776,-0.0313281709524513,0.936355235687864,1.0360462625526,0.791858859860828,1.57710435600374,2.48725814972596,0.64633647159284,0.888305997536036
659,0.672432073647236,0.933064846076769,45.7389923958523,119.124322278856,-0.0311646019738576,0.937032269208133,1.03693915287405,0.79161720991005,1.57668939971907,2.48594946318649,0.6443338016998,0.889009274543239
660,0.673373271261763,0.933658174885605,46.0672909555386,120.001364763664,-0.0308741453290824,0.93715296195559,1.03925540094665,0.796316580638768,1.57888695364658,2.49288401239536,0.647686130936978,0.891215495080834
661,0.670319497365773,0.932142104675301,46.123172570146,120.176303436385,-0.0308302876752142,0.935940406200508,1.04014031346229,0.78870450272027,1.57955889357678,2.49500629827751,0.649833687400859,0.887976828844761
662,0.670472769714935,0.932388538728298,46.1234110977073,120.186867762066,-0.0307485549610009,0.936293643587079,1.03729735636053,0.790743214982523,1.57961005342,2.49516792086554,0.650135210558922,0.885731411268343
663,0.668379864419435,0.930349789509021,46.085749838179,120.094423183346,-0.031070476718938,0.933760678410689,1.03616455750312,0.787917420604826,1.57935772268363,2.49437081620041,0.649464386304627,0.884548362127102
664,0.669511997750566,0.933177882158271,46.0740642395819,120.064225543302,-0.0311415698768028,0.936648138579503,1.03563542320725,0.789197325938787,1.57916139976308,2.49375072650168,0.648942241307844,0.878084665150279
665,0.673707908690786,0.935769828876962,46.2527082654393,120.538867887651,-0.0311676769524595,0.939015802630566,1.03439201598546,0.794452541992417,1.58018113664288,2.49697242460198,0.651037244101732,0.884589129108355
666,0.676860465626518,0.935849873166422,46.4150476471046,120.910369075819,-0.0309612210768817,0.938627673922647,1.0339213660291,0.796648067623644,1.58330876798026,2.50686665476316,0.660088122133245,0.900570535715278
667,0.680651531837106,0.934307501874988,46.6289292008624,121.466304788265,-0.0310069359998977,0.937962816274106,1.03576572003039,0.799324786175487,1.5847314808375,2.51137386635741,0.663059666962446,0.902449168440096
668,0.674087974162927,0.930065320775819,46.6028364139799,121.429256280656,-0.0313809233320512,0.933706748407697,1.03130977530475,0.789948623017322,1.58400282145914,2.50906493839053,0.660040454030177,0.903576943729568
669,0.674334350998903,0.932213536369921,46.7137712820906,121.715050246284,-0.0315283668888629,0.935649164227589,1.02930762808826,0.791229388072699,1.58486333786191,2.5117917996988,0.661988429354712,0.908630296331097
670,0.675115789556665,0.929072326394147,46.7168423358613,121.689864245054,-0.0315971342014613,0.932459690701371,1.02620169589084,0.791356851508081,1.5851965302417,2.51284803949032,0.663068231160978,0.909693294644023
671,0.674216082581723,0.93167209321906,46.7609042905669,121.828700249898,-0.0315697341670417,0.935493909803037,1.02640890831527,0.788877064073095,1.58469364236329,2.51125394014665,0.661299808696773,0.916630568027622
672,0.674558985215129,0.932755995311519,46.8179763637196,122.009042435694,-0.0315635553275485,0.936475301174978,1.02634269708072,0.789650127387321,1.58344013353784,2.50728265649834,0.657692259690556,0.911463795005449
673,0.672936181062855,0.933193494545629,46.7588374975047,121.822096807443,-0.0314842618185116,0.936675889168466,1.02533876539635,0.78748508144287,1.58233781501162,2.50379296081576,0.6543063713893,0.917944157886104
674,0.673073955671466,0.931030179394509,46.823320512364,122.011731754665,-0.0314232381948163,0.934584508736508,1.02763962302059,0.78974741535438,1.5823278719874,2.50376149446818,0.654411319943628,0.908172101292057
675,0.675390765947549,0.931742948766051,46.7979763515628,121.883336166944,-0.0314795388599115,0.935020048649146,1.02768876379081,0.793110852663874,1.5831349952136,2.50631641306995,0.65746973788082,0.929967611860303
676,0.676916335064757,0.932950779124139,46.9423443466939,122.276587111465,-0.0313942153514064,0.936515936790377,1.03123321822514,0.792559417310251,1.58448315011277,2.51058685299128,0.660315540357035,0.936368263669591
677,0.678931689940393,0.933902589269367,46.909253426532,122.196537410614,-0.0313854450723702,0.936714596699533,1.03137299370088,0.796019382963072,1.58414221471666,2.5095065564474,0.659495865594696,0.932776548241452
678,0.68214457153177,0.932811276437839,47.1096675606188,122.699021507817,-0.0314159441913997,0.935968379500008,1.03269856098534,0.799457217508394,1.58587223795806,2.51499075512612,0.663139590098794,0.931816392876944
679,0.685586525637845,0.934216625921554,47.3610448815207,123.409959015545,-0.0315026945742901,0.937044203832638,1.03366830258941,0.801368964159596,1.58678780386431,2.51789553449253,0.66466082049052,0.936700468116137
680,0.687412300598745,0.934194521497751,47.3905956915213,123.422585584357,-0.03115834782161,0.9366630082073,1.03172862653302,0.802491408576117,1.58843035259791,2.52311098505431,0.668556951538477,0.939468301068457
681,0.689603344973506,0.931890547683451,47.5828201400028,123.979498810426,-0.031343088209024,0.935740408168819,1.03439440487503,0.803113893954875,1.58992860206911,2.52787295967744,0.672970507214161,0.935903947141977
682,0.693200288874126,0.933655209144855,48.037353276637,125.317745755999,-0.0313357099961628,0.937288619741062,1.0366507643899,0.805845511191285,1.59132790396848,2.53232449794873,0.674400473443834,0.953602538838225
683,0.696085385839268,0.935120598785912,48.3027991111553,126.071693369686,-0.0312570264946475,0.938837339167735,1.03893943474474,0.808683171384869,1.59211965964918,2.53484501064141,0.675952691708552,0.957740195940342
684,0.697832267258245,0.934029105062639,48.5813905948177,126.838466636031,-0.0311689798985938,0.93759875966137,1.04098663442497,0.810061395590836,1.59373757562276,2.5399994599519,0.678501722256325,0.962989766248358
685,0.703302337431571,0.93622817172446,48.8064379319667,127.450161715302,-0.0312198653080298,0.938943485583733,1.04273665926662,0.814494807451014,1.59515329247885,2.54451402650612,0.68060459820756,0.977997598619156
686,0.709190498946222,0.935485642587832,49.1037566174361,128.181609525603,-0.0311874060464283,0.938286971157326,1.04403795826735,0.81886800061803,1.59858176615627,2.55546366308729,0.689118154730547,0.990355470201749
687,0.705968689097919,0.936125650521759,49.0932082720152,128.124154953839,-0.0309617526613231,0.938730515830068,1.04290718008155,0.812373597805275,1.59854238705084,2.55533776319819,0.689671980604114,0.993938162248538
688,0.704917201703584,0.93285933173534,49.0272636632679,127.930211316249,-0.0310775449346575,0.935978335598613,1.04293307827572,0.811391584581039,1.59830329014232,2.55457340727976,0.689023959536128,0.999958052037411
689,0.704279457270981,0.934399859400221,49.0811117233771,128.078382410751,-0.0311696238535433,0.93758867930641,1.0420269737792,0.810204230866199,1.59865708073887,2.55570446179652,0.689841622776934,1.01031614617737
690,0.706511988666259,0.934990989402453,49.2532389133943,128.550413677133,-0.0310288355507967,0.938443692971947,1.03884317372732,0.814331335220355,1.59961066897304,2.55875429229237,0.692045375257248,1.02327962644867
691,0.708620775409198,0.935217487999987,49.4804536193976,129.260341402593,-0.0311844677840554,0.938151389454255,1.04019842280896,0.814706594320841,1.59977341325952,2.55927497377202,0.691170886408468,1.02387574445435
692,0.707740609732772,0.934977266070995,49.6536907453329,129.766714589772,-0.0312678705805745,0.938550046444509,1.04163889495799,0.811764590852273,1.59886531188219,2.55637028554013,0.689585218002913,1.04162959930413
693,0.712444784160048,0.936267222411189,49.8332677702625,130.191352322225,-0.0311344353594177,0.939291456328112,1.04458123847371,0.821759825022863,1.59971130633729,2.55907626362337,0.69087528271281,1.05542562362634
694,0.715046686751118,0.936361120395406,50.1476336343116,131.053263093075,-0.0309785332687823,0.939199073235651,1.0471724143121,0.821867714505171,1.6014760168119,2.56472543242371,0.694651680184374,1.0533757425003
695,0.715181162739661,0.936394918228457,50.2519245915048,131.348394971897,-0.0308923189013631,0.940087136879048,1.04801569173801,0.81936226332922,1.60225783119216,2.56723015761659,0.696715739913138,1.06223913341748
696,0.715884332832337,0.9361015993238,50.5397926355004,132.218060418381,-0.0310621883845363,0.939944667399426,1.05085092627482,0.819379886770355,1.60109939035462,2.56351925779395,0.694023667795609,1.07282323793272
697,0.714727268589466,0.934345032341375,50.5846855232805,132.330847435284,-0.0309290726006037,0.937274489927252,1.04947972800819,0.820409038432551,1.60154805690646,2.56495617858087,0.695138075156773,1.06928208983257
698,0.719827394228475,0.936562704107404,50.8733233244964,133.063975119341,-0.0310156992829046,0.939783316898055,1.04962708164254,0.825651970542986,1.60350652942229,2.57123318989993,0.699598721118046,1.07883769479585
699,0.721004387879299,0.935629500431368,51.0299978378832,133.449454896417,-0.0309057495473533,0.938433805346064,1.05089337077566,0.824424674160477,1.60448239144431,2.57436374445484,0.701790414207783,1.08005328283481
700,0.719791680593027,0.934574677236389,51.1448681137521,133.804741668108,-0.0308753712690209,0.938203690858114,1.05214182690768,0.822348835066083,1.60391263224222,2.57253573186616,0.701416510926675,1.08274369024399
701,0.719997894337642,0.935998797192906,51.1118341767748,133.704277091434,-0.0307374645735864,0.939684665494735,1.0524832095211,0.822747576674178,1.60408263078941,2.57308108640027,0.701912018556498,1.07787502995755
702,0.718302045870341,0.933702830050413,51.1424218035718,133.815671739155,-0.0307726024857179,0.937518087409272,1.05384397832179,0.820858365209122,1.60375576683753,2.57203255966464,0.700624983769302,1.07833016668459
703,0.718678286942502,0.934822845985973,51.189475248996,133.983366952526,-0.0310254383907797,0.93882448541981,1.05451271875099,0.821263533869832,1.60204116137557,2.56653588274158,0.696615161001902,1.06308645208454
704,0.718354542518989,0.935858266078769,51.2123670829866,134.043063226156,-0.0309372397510391,0.939408189418932,1.05563314569424,0.821527917029112,1.6015217274416,2.56487184346752,0.694896396744102,1.05086285703051
705,0.722052287823445,0.937514595525671,51.4735490357045,134.698181346638,-0.0308467696534361,0.94150455563528,1.05433755316961,0.82696008728037,1.60374045601864,2.57198345027088,0.700112095895865,1.0529299128178
706,0.716636691686725,0.932924341158153,51.5319270912491,134.886062699013,-0.0313282667621963,0.936778119064707,1.05262257190022,0.818219130176902,1.60397428108139,2.57273349437055,0.700106248967971,1.05644341668099
707,0.717199308823323,0.934888279522648,51.5220815822876,134.849341453164,-0.031524186133781,0.938889117401345,1.05323993807416,0.818619164116079,1.60348514551453,2.57116461188575,0.698494153699194,1.04641805134611
708,0.716048375528174,0.932890980921274,51.5291130716543,134.887664072598,-0.0318548987084883,0.937660475672793,1.0548074172437,0.817213800190537,1.60152057893786,2.56486816476146,0.69415021813065,1.05039946026011
709,0.71513898657413,0.932264022873456,51.4621611456948,134.699694657105,-0.0318863273082172,0.936067514040226,1.05408555893573,0.818789670295418,1.6012630906626,2.56404348551834,0.693783009268712,1.03326109393373
710,0.716572415263364,0.933580487891456,51.5473731014441,134.922100641504,-0.0319557294631549,0.937215828139718,1.0537586439691,0.820319100125677,1.60209392323044,2.5667049388519,0.696004056395486,1.0485541626998
711,0.71878130593138,0.933938593308293,51.679468322785,135.264417242708,-0.0319091198396653,0.937939716315159,1.05305121980086,0.82201309349117,1.60333828261352,2.57069364849408,0.699079349949085,1.04599989473199
712,0.719251426299084,0.934653058541935,51.7906003430981,135.558818804839,-0.0317812746647801,0.938070452887612,1.05438643850514,0.821531797819603,1.60418096996935,2.57339658441179,0.700968896405881,1.04549641420643
713,0.720175165222827,0.933055702706664,51.8880761234835,135.855890389332,-0.0318449556832676,0.937449590709913,1.05812628560411,0.822538321769383,1.60401347622787,2.57285923192063,0.701183680131975,1.0466204525178
714,0.72124769297414,0.932422839895534,51.964254753579,136.026442166533,-0.0317907525431852,0.936303020304768,1.05688037942348,0.825098512600813,1.60472139870169,2.5751307674511,0.703073339231322,1.05069403580142
715,0.726067277023837,0.935073889674079,52.3567089411502,137.093675211614,-0.0319757085126296,0.938757216740685,1.05789629459959,0.829215569410733,1.60752877138422,2.58414875082806,0.710173686831207,1.04678760254305
716,0.725547773371552,0.929983740737981,52.4314723493465,137.259742019647,-0.032567038140263,0.933765560528706,1.05773461892834,0.826747098712282,1.60857698376483,2.58751991269796,0.712737713263605,1.05816835385403
717,0.726021255657962,0.930460672659936,52.5653412224082,137.641195593483,-0.0326477358095782,0.934349513977614,1.05938033077033,0.825886477504805,1.60931473274683,2.589893909036,0.714431508408602,1.05802054884925
718,0.731828266349594,0.933542247744123,52.9330638528709,138.587726317833,-0.032979301586093,0.937087251026295,1.05855248042839,0.83299923692969,1.61072006359962,2.59441912328236,0.717003984061111,1.04045441166729
719,0.731820579084581,0.932778204120069,53.1069672387339,139.024164564181,-0.0328395997988626,0.936645185118195,1.05868376539719,0.829788893672039,1.61189665915167,2.59821083978432,0.719865810521301,1.04457724371117
720,0.730056266832285,0.931003132132664,53.0808560291788,139.016732063377,-0.033194031866199,0.934949140488598,1.05862271154071,0.827118359694643,1.61044482205981,2.59353252489925,0.716264209581616,1.041582763568
721,0.729842239121695,0.931315698981931,53.1261725997703,139.12106429499,-0.0329937480331714,0.935256084191317,1.05885086824044,0.826682840567085,1.61096618725546,2.59521205648039,0.717230887060901,1.04952627095573
722,0.731042521414422,0.931800796683037,53.1584027624919,139.214472328865,-0.0329613516433048,0.936054608028549,1.06044279442532,0.828646659072283,1.61108492685945,2.59559464155374,0.717514548368746,1.05038162666801
723,0.733590162064639,0.932998486362854,53.2981216901473,139.636192864354,-0.0328550573677417,0.937185721054413,1.06226890434469,0.831303025467466,1.61116379590242,2.59584877722668,0.717336813173316,1.04491779967104
724,0.732407220895713,0.932004936552883,53.3229901067622,139.666983743364,-0.0325941460106719,0.93545736879488,1.06105484002546,0.829795597894246,1.61152289665172,2.59700604643276,0.719460641854535,1.05391400216637
725,0.734944251679165,0.934340275483642,53.5799374967459,140.363644031196,-0.0326165742205403,0.938164957704214,1.05769840439517,0.83275147699328,1.61264786603821,2.60063313983758,0.722005376036437,1.04239661607057
726,0.735168729291863,0.935907807264943,53.5814765480485,140.340574299777,-0.0324415213661639,0.938863164628928,1.05530039536142,0.832149133565918,1.61256850913966,2.6003771966689,0.722381790213314,1.04134216614029
727,0.735094084606235,0.93246378038463,53.671316389533,140.548065768294,-0.0325295259173909,0.935800995937189,1.05902636387409,0.831900408058887,1.61344123069913,2.60319260491992,0.724758246337918,1.04481238810136
728,0.735118445795832,0.931910543139547,53.6604614355863,140.540837087268,-0.0324582166912669,0.935622107461514,1.05823346489782,0.831719342062109,1.61295304642534,2.60161752997279,0.723363455269964,1.04071028087493
729,0.736541799834217,0.932280964046568,53.8332733126888,141.003766665211,-0.0324635066480438,0.93565040193839,1.0602522785336,0.834175406612935,1.61372279784769,2.60410126829338,0.724682363737375,1.05363513504532
730,0.742203608613092,0.934928065800139,54.232293830663,142.130926954551,-0.0329036879228018,0.938819862449706,1.06213376570979,0.840028159711487,1.61462284988087,2.60700694735741,0.726782110298759,1.05640057940674
731,0.740999602318554,0.93081326084033,54.3743096287013,142.512041006452,-0.033196393651957,0.933574679351029,1.06438752456413,0.836820273700493,1.61674425988321,2.61386200186532,0.732748263549174,1.06883553136307
732,0.740752551146896,0.930559938212202,54.1963540979453,142.002501602418,-0.0333329446077276,0.933452073223978,1.06281751506977,0.836153820610248,1.61620250655245,2.61211054218641,0.731808508266422,1.06772652041353
733,0.743210398838002,0.933708576453506,54.3502080985473,142.419058322615,-0.0332284979363529,0.936622005473721,1.06061392406084,0.839176025191975,1.61708227693379,2.61495509037336,0.733965533667598,1.07335353209491
734,0.744017306359807,0.932756103386162,54.6118748945778,143.167270873237,-0.0330708263611728,0.936061940513077,1.06246029621433,0.839224046463724,1.61757227648877,2.61654006966505,0.735385515137513,1.08335760584718
735,0.748024726060613,0.935324110738821,55.1614430182762,144.643164304124,-0.0331326733296909,0.938526591836429,1.06335645725404,0.844041953150037,1.6194378542883,2.62257896390188,0.739183155245542,1.08582038899126
736,0.749687332182277,0.935555747810701,55.3375928729526,145.120680725213,-0.0328914570776655,0.938729267666056,1.06355884313857,0.843994695672606,1.62005302449122,2.62457180216314,0.740534971262962,1.08809710234884
737,0.745871516748724,0.933401618075174,55.3771508186215,145.226260087712,-0.032937142309162,0.936614100381361,1.06108146604113,0.838217829544528,1.61994226238078,2.62421293344736,0.740052884931483,1.08795569513795
738,0.749614995482898,0.935301651685014,55.46151019014,145.46748084951,-0.0327527959109869,0.938317609382132,1.06108105252514,0.843433993270765,1.62035233234294,2.62554168092921,0.740996967493923,1.08464644024773
739,0.75271723912046,0.935382085258865,55.7899426428937,146.341346270332,-0.0326686205566877,0.938252750144957,1.06322972936178,0.846250274154202,1.62166707531386,2.62980410315702,0.743708425910762,1.08815369441916
740,0.756828405096477,0.937618851770281,56.139769082103,147.320640825202,-0.0325456660982242,0.94124283368177,1.06667477032823,0.84943054170844,1.62244741533778,2.63233561553625,0.745514198657058,1.08159711507493
741,0.755432171986772,0.93357986811248,56.288403087947,147.690554647974,-0.0323667505838186,0.936129211564367,1.0687590253627,0.84786439352483,1.62376330556788,2.63660727250872,0.749184543326949,1.08576168053776
742,0.754373165223299,0.932208657337245,56.2353849688226,147.53183677425,-0.0324307654743901,0.935354631533306,1.06728933868966,0.845809086482784,1.62380807056651,2.63675265003692,0.74943627604572,1.09490525597489
743,0.757640635120951,0.934415201410068,56.5743600218496,148.525461014565,-0.0322990256394656,0.937472906069994,1.06823204879253,0.850185188053012,1.62466131668417,2.63952439392994,0.751073059354179,1.09128607539444
744,0.761915842456664,0.93808565966293,57.0422157408284,149.817691223932,-0.0321264849264553,0.941121855162418,1.07291561209467,0.854075319684899,1.62729271030286,2.64808156500482,0.758112325823123,1.0997394977442
745,0.757717490847604,0.931829551851973,57.0915753453602,149.961924723338,-0.0330819110060588,0.934772454794134,1.07311260609891,0.848429803113417,1.62812822559295,2.65080151897245,0.760681036000513,1.13036856079235
746,0.762136718577284,0.934545460089843,57.4681680782977,150.935238862705,-0.0333760915219961,0.937507601252966,1.07460191834763,0.852598683684041,1.63058396388103,2.65880406326599,0.767290975037033,1.14145857661907
747,0.760588833404286,0.93243292532968,57.636419491443,151.406532205135,-0.0333801823950633,0.935309732875659,1.0751030725815,0.849228433306459,1.63098796097508,2.66012172884563,0.767953469201487,1.13934054730642
748,0.761177508232794,0.931213788421818,57.6293490812904,151.334620173023,-0.03334325293645,0.934041869519228,1.07435602517171,0.849644086746715,1.63153240801771,2.66189799841206,0.769117948050816,1.14829434147076
749,0.764966749095262,0.932660611101039,58.0113008659825,152.363826949494,-0.0334072389605771,0.935845443046204,1.07348627282393,0.853407403263224,1.63258534655736,2.66533491379381,0.771274829285206,1.13541701604698
750,0.761433350491973,0.9311146683606,58.0562412618398,152.50508842954,-0.0332852396303796,0.934003626309257,1.07094413997292,0.848291961416439,1.63231289984117,2.66444540298789,0.77035610214774,1.14969645063862
751,0.762634669228358,0.929431550002944,58.2099796722448,152.919149535689,-0.0333400293661474,0.932430954017341,1.07383763468136,0.850490705981599,1.63284830396866,2.66619358377331,0.771594723286976,1.1480172415338
752,0.759943732379789,0.932055290920016,58.106951989691,152.62347573332,-0.0329670554243816,0.934966311939319,1.07121185151551,0.846572380245603,1.63230076991437,2.66440580346304,0.770123271515352,1.13441621634751
753,0.760656596838947,0.932053537425853,58.4688558113542,153.640794157275,-0.0327085074058582,0.935619429927135,1.06530040535062,0.848852764734381,1.63298613737851,2.6666437248704,0.771667672861324,1.14298678523785
754,0.762619242621159,0.931198249956147,58.7358711305271,154.33606668372,-0.0328532706398755,0.933960924039929,1.06824476348315,0.850501986739246,1.63379797893586,2.66929583597491,0.771952515860857,1.14382189738731
755,0.762986810610055,0.931614967209119,58.9417725495456,154.922047900208,-0.0327352006034327,0.934503432672253,1.0707151726465,0.849909879231077,1.63429769586409,2.67092895870669,0.773131329508546,1.13918645075892
756,0.761178344458286,0.929180802866469,58.9576889315158,154.968206468996,-0.0328898309643507,0.931998110230378,1.06985962140433,0.847364051474435,1.63470421380188,2.67225786662162,0.774393958374545,1.14967405160902
757,0.763073826231504,0.931428536077777,59.0152249586326,155.140048650439,-0.0329388938207191,0.934089986260253,1.07134062577984,0.849536458209989,1.63489986232482,2.67289755982973,0.774754615005647,1.1662263637416
758,0.763716915260546,0.931924608572241,59.1343218506044,155.471399043397,-0.0328024427667186,0.934695209050645,1.07217656086172,0.849582151765003,1.63550716025556,2.67488367124719,0.776426404647105,1.17346051471131
759,0.765348539313319,0.932463042092145,59.3153953034278,155.95791310888,-0.032674245580344,0.935245224316916,1.07313055111965,0.851775375632541,1.63615640581106,2.67700778427658,0.777902239528004,1.17622580067119
760,0.765331271810607,0.931704882582282,59.4437290966499,156.345055419935,-0.0326966176820964,0.934840163432461,1.07464675947801,0.85121349371757,1.63595792808723,2.67635834247145,0.777477834424548,1.17560939455975
761,0.765424319997324,0.930683523920294,59.5850025184509,156.740545892962,-0.032395885182644,0.933642973058529,1.07582949646506,0.851721144346301,1.63672899547713,2.67888180463557,0.779487288674883,1.19324616302175
762,0.76927746576305,0.933745546468713,59.9267456652816,157.640940119753,-0.0323456327783765,0.936494306727883,1.07441696136721,0.855534044180425,1.63837598532464,2.68427586928848,0.783607319197021,1.21125443125323
763,0.766265978547172,0.932588996539484,59.9607041065867,157.705345620174,-0.0320748020938702,0.935192248399082,1.07247399605111,0.850687109016133,1.63861410422231,2.68505618255629,0.784351694555812,1.19949521037893
764,0.769116744638388,0.933886138190277,60.1335529185559,158.205074651681,-0.0318603681319985,0.936983148428678,1.07457938625424,0.854406841925681,1.63883730998584,2.68578772860161,0.784697120008392,1.21346701029272
765,0.771355398566086,0.933299843778177,60.3938186598431,158.933119965501,-0.0318024105412542,0.936324237762537,1.07489361831956,0.856366892423849,1.63941924038282,2.68769544573738,0.785671539478717,1.22091863819276
766,0.771952123858492,0.934014037030075,60.6287925739454,159.608185507084,-0.03156735419817,0.937125686924892,1.07728946831276,0.855581470268258,1.64047162731935,2.69114716003978,0.788866014095374,1.24856817941977
767,0.769500498513615,0.932927657547748,60.6070974457076,159.541465102312,-0.0316838869747584,0.936113841758069,1.07448383099777,0.85224618292929,1.6393954987243,2.6876176012375,0.785431660050124,1.23416449416769
768,0.770254092566681,0.932904898524215,60.7215831011621,159.868789675716,-0.0314662297371028,0.935651331000614,1.07586885155801,0.854686063454622,1.63986349045464,2.68915226732607,0.785833391514824,1.2410198532044
769,0.774592442857203,0.9356859159099,60.9812584696463,160.460753203042,-0.0316104037321986,0.938326324638453,1.07485022270671,0.858197355403571,1.64145755550727,2.6943829065319,0.790754527570275,1.23785644635349
770,0.775483785155786,0.936986456568612,61.1448363347205,160.920924709295,-0.0313162655126485,0.939591669272073,1.07443023579128,0.857816878813601,1.64186573559668,2.69572309372644,0.791385498351884,1.24493932229886
771,0.77727899614373,0.934041711373342,61.3331128060537,161.344877099697,-0.0315426297259537,0.936437058394805,1.07854693011586,0.860015996796386,1.64219884354777,2.69681704174963,0.791493330892603,1.24837121464251
772,0.77667617720838,0.933737768165464,61.3534910146626,161.378445170711,-0.0313674002350045,0.936451685747395,1.07851723579751,0.858265546005627,1.6428182103197,2.69885167215801,0.792805930118235,1.25328563137264
773,0.778408473818041,0.934612490368191,61.5296186661446,161.811573316726,-0.031247736361455,0.937201157824181,1.08019175259665,0.859678513802676,1.64398049096665,2.70267185467894,0.795864433117215,1.24776184746041
774,0.781573086964598,0.93629309509439,61.775003925776,162.451512399881,-0.0311421550512174,0.93896980308884,1.08050614460912,0.862599519208103,1.64484498893719,2.70551503763179,0.797883048590657,1.25773007431139
775,0.77888276558854,0.932954103563314,61.7424270920624,162.349748419366,-0.0315179670360747,0.935959471545671,1.07803022797259,0.858449696830584,1.64496601361109,2.70591318593556,0.798206996811891,1.26996206816394
776,0.781754979133483,0.934939374466592,62.1812503020179,163.54884773868,-0.0315499326292492,0.938044263824164,1.07655338676718,0.861779050552687,1.64610591751685,2.709664691684,0.800261489570421,1.2904795832634
777,0.783960452613475,0.933854101731266,62.6250586575099,164.792865881674,-0.0316249389669873,0.937053895414532,1.08038861913848,0.863068266215707,1.64672493902988,2.71170302482296,0.80124818071011,1.28317850805225
778,0.782794660225147,0.934305360502897,62.7000706849439,164.972059104363,-0.0313916298716403,0.936938421264598,1.0798575007091,0.86098302306625,1.64708635073829,2.71289344678838,0.80228880932049,1.28248173644479
779,0.782948399405343,0.934146804123457,62.7155362131312,164.963152516093,-0.0315578197205962,0.936621595634924,1.0787789756264,0.860620074496445,1.64735505307889,2.71377867090456,0.803405259078472,1.27268625487985
780,0.783198981466035,0.933622636900908,62.8688120681029,165.417743915024,-0.0313341894547002,0.936577799874576,1.0780797945058,0.860849329307221,1.64740883973218,2.71395588522774,0.8036885410436,1.27469154934636
781,0.788264778056089,0.936323105584424,63.1248406961165,166.080249696365,-0.0313887667947764,0.939162332458248,1.07954774484242,0.866694126743452,1.64812720795849,2.71632329361306,0.805295161179522,1.28318770751356
782,0.783937469731044,0.935518067054995,63.1839264808332,166.223934201714,-0.0312930798955849,0.938217750769942,1.0780673620876,0.859597533404157,1.64817072832702,2.71646674971401,0.805389207080956,1.28242633554156
783,0.785082971020079,0.936592395972071,63.1822040631951,166.27546478153,-0.0310837355392867,0.939706745694207,1.07654495396614,0.861700440439594,1.64758769712342,2.71454521971246,0.80349650197074,1.27554712893066
784,0.783574018269233,0.932609657589604,63.1252513303841,166.161967615985,-0.0319553760358486,0.93472650921487,1.07677845171399,0.860095802395134,1.6472393752136,2.71339755925408,0.802033168868143,1.27815196375694
785,0.787785357699411,0.935889514345521,63.4346725993556,166.9094322843,-0.0321897475832868,0.938632505556314,1.07028715394603,0.864255958644397,1.64924420204647,2.7200064379839,0.806391995353486,1.28354873690965
786,0.785429029754637,0.933809970077955,63.586322888412,167.324367070835,-0.0320514494978954,0.936566974042614,1.06850417099056,0.86025301161354,1.64963930019427,2.72130982074543,0.807071732125418,1.29074039820747
787,0.786195601650518,0.934475691092633,63.8197701421682,167.98095300133,-0.0318472690438551,0.937334729695427,1.06987987656712,0.860589507339861,1.65008249898028,2.722772253441,0.807808872691382,1.30017029009967
788,0.786739604508429,0.933687321236387,63.9191092604762,168.246030575681,-0.0318374514256082,0.936186173742315,1.07051836232355,0.861320401347516,1.65034279114362,2.7236313282797,0.808354000128072,1.31354704123901
789,0.785847425294718,0.932736965090691,63.9936847680901,168.468246302092,-0.0317874558755684,0.935629077204169,1.07080823995769,0.859868658822361,1.65019078728682,2.72312963444628,0.808016336325486,1.34079461310136
790,0.786794810869151,0.933296334605726,64.0716502273642,168.628585219441,-0.0316732754765351,0.935644198832428,1.07093488623125,0.86185788091109,1.65057238465289,2.72438919697873,0.809359926125333,1.32752392310975
791,0.78603992817543,0.93197775654466,64.1007952615196,168.70634143767,-0.0317003997391174,0.935110684822795,1.07154903236015,0.860247922987781,1.65088306154102,2.72541488288306,0.810290774344883,1.33979167841711
792,0.788105472525195,0.934580544676252,64.2186181003969,169.050734836708,-0.0315697055350915,0.937029890565653,1.0707821516841,0.862365992580523,1.651261368625,2.72666410751332,0.810555117864135,1.34635680789645
793,0.786929640505789,0.932933699327699,64.2374994008688,169.100942066376,-0.0316443493584825,0.935536309044925,1.07091999445894,0.860643985690558,1.65138674545538,2.7270781830657,0.810890008887074,1.32753582112024
794,0.788010500983378,0.932879479859258,64.5132813285366,169.872538528111,-0.0316790533894312,0.935778904979199,1.06886480973801,0.861749469669984,1.65177793555415,2.72837034838355,0.811965165830318,1.33923403432184
795,0.789528239542541,0.933612388464411,64.6584258409555,170.291577366792,-0.0317299810814633,0.936234448622346,1.07026872594653,0.863249424639128,1.65193075814616,2.72887522970935,0.812252345384249,1.32861055962876
796,0.790102550610768,0.934207547684824,64.7766778371179,170.616908963738,-0.0316377687978611,0.936709527115893,1.07125018125798,0.863542655700681,1.65227162204457,2.7300015130138,0.813146106174639,1.33609865273594
797,0.790419868442979,0.93368109267108,64.8178867030014,170.695825894992,-0.03152284821523,0.936050004445322,1.07072246953845,0.86370727697411,1.65305573890632,2.73259327593112,0.815602863955965,1.34212452868224
798,0.791402632163075,0.934644427620051,65.0774129251262,171.416404994799,-0.0313854121475006,0.937079448479528,1.07314242690733,0.864151950336581,1.65377588912252,2.73497469144297,0.817450801274049,1.34868661794167
799,0.789714964898976,0.932168369182881,65.0006744711471,171.213000684325,-0.0318119089698391,0.93492776018416,1.07432973452897,0.86211263727834,1.65362609210929,2.73447925250463,0.817190383327255,1.35077619618938
800,0.793831072148282,0.934170153524598,65.3883574283883,172.222603260504,-0.0320746194586013,0.936481774534249,1.0716043435234,0.86730449140096,1.65435522041203,2.73689119530452,0.818384826623284,1.33826855579003
801,0.793822816095149,0.933735989229616,65.5282718577164,172.539782550067,-0.0319979215571002,0.936231042550855,1.0709427125523,0.865034611980797,1.65554958915663,2.74084444215667,0.821654567713332,1.33458268771203
802,0.794776231069584,0.93249991368486,65.6345131911564,172.77996272063,-0.0322049544423631,0.93495930991737,1.07249290704525,0.865511189085037,1.6556974651671,2.74133409616077,0.821883584522032,1.3326363779592
803,0.797364280629861,0.934539306604847,65.7369922114678,173.033468061445,-0.0321408233238973,0.936977316547379,1.07400877785941,0.867749268045548,1.65600395955235,2.74234911405306,0.822649243936525,1.32251127312408
804,0.800184099995652,0.935097039495851,66.0946484495054,173.950793221838,-0.0320677052624673,0.937588648564416,1.07534429709219,0.87013133319304,1.65689108458158,2.74528806616592,0.824628339060222,1.32673335840216
805,0.801324425738249,0.933156377218078,66.2286563587601,174.28784346402,-0.0323352335259286,0.935678798209519,1.07623764651987,0.870357625285372,1.65705835572046,2.74584239426299,0.824801958614485,1.3329818887399
806,0.798107729556838,0.932263165283235,66.2116695269861,174.24277967138,-0.0322951713515014,0.934747356039221,1.07312249562648,0.866306430553641,1.65719307363134,2.74628888329168,0.825278136489652,1.32340788853328
807,0.798167280640391,0.932370718322771,66.2898132183148,174.421967912719,-0.0322799137584251,0.934823854518085,1.07396859128195,0.866181821285139,1.65774603758903,2.74812192514215,0.827062648200485,1.33407002292556
808,0.801806786908051,0.935372398570757,66.6267995833981,175.376989205923,-0.0323408777780525,0.938067510286246,1.07168458481908,0.870285537950097,1.65816807606087,2.74952136846742,0.827902725945757,1.34629774175905
809,0.798049510457487,0.929901271523809,66.6121776300901,175.353679683807,-0.0333060441160173,0.932255240968169,1.06968834691413,0.865710575757285,1.65806954188296,2.74919460571997,0.827623290834497,1.33801208713556
810,0.800123474317131,0.932282739721892,66.8041259081195,175.835901618005,-0.0337086117616538,0.934502498895734,1.07475696201862,0.867772120761111,1.65882118003522,2.75168770733343,0.829835333729785,1.35289323597382
811,0.800249389257233,0.930724617762136,66.9479886328273,176.206377348575,-0.0335651840413987,0.933105111236958,1.07569356042124,0.867530065191431,1.65938246535149,2.75355016631599,0.831373041220894,1.34178658907654
812,0.801219390901518,0.931518903573431,67.1361605324526,176.705873853106,-0.0334945367401288,0.934281304205736,1.07616126166408,0.867833355411106,1.65998780779479,2.75555952202734,0.832947636692456,1.3395217664479
813,0.797827628049723,0.927671284046875,67.1229076449706,176.732640138797,-0.0338115239619709,0.9305821904175,1.07574096853142,0.863940971903818,1.65959501721765,2.75425562117366,0.831402140863149,1.33982876148849
814,0.796190286067832,0.927522652506701,67.0432201247861,176.53573448231,-0.0339652839111919,0.929856613510766,1.07511685407349,0.862487273791852,1.65933724619284,2.75340009660284,0.83063430835171,1.3343922204001
815,0.798129166123248,0.929237610179516,67.0189023935034,176.457950638158,-0.0344977401804179,0.931564118278685,1.07264644547561,0.864716750793934,1.65907902519706,2.75254321184884,0.829762841145471,1.33865919828729
816,0.799472235809342,0.931508105503745,67.0207640637991,176.392472787578,-0.0343801379402259,0.933256713271099,1.07051731939083,0.866161899781883,1.65940307878411,2.75361857787817,0.831596851788372,1.33297967386554
817,0.799523245271712,0.929769047604787,67.2658028378274,177.053728858355,-0.0337594670108662,0.932129087132699,1.07137533755666,0.866184916663427,1.66001138408696,2.75563779529829,0.833062548271018,1.32688515341967
818,0.799785248849053,0.931722807201533,67.1302588164776,176.649263221883,-0.0335729986989204,0.933612924991337,1.06658438441995,0.866299252496522,1.6599165939829,2.7553230989798,0.833183145195199,1.3357021359751
819,0.802883110158711,0.932473705387577,67.6309144440184,178.070464229514,-0.0333485170101739,0.935047345257117,1.06218203707133,0.869935086418621,1.66020044629034,2.75626552186263,0.834277103661968,1.3320183293854
820,0.801537415190369,0.931552003041224,67.921590638268,178.886273922619,-0.0331598179360277,0.934076299268747,1.06378102575935,0.867500616852326,1.66067456120385,2.7578399982296,0.835593226039899,1.32434553436924
821,0.802303494448505,0.930662513603383,68.0021463604272,179.153263326857,-0.0333489608462902,0.932812103515657,1.06661646307237,0.868620438983386,1.66062007014764,2.75765901737715,0.835254126749213,1.34297869641131
822,0.80419536879765,0.930563977332348,68.3284938665155,180.021599466248,-0.0333856635951929,0.932565774865828,1.06871422877571,0.870565847199268,1.66108386496675,2.75919960645286,0.836086206656573,1.3502829045305
823,0.802622335092883,0.930582436636528,68.3315448567257,180.028395370996,-0.0332993529287778,0.932977706099968,1.0689525252762,0.868098880964986,1.66109400924487,2.75923330754921,0.836084334413783,1.35868333576221
824,0.804278361232254,0.93212924439982,68.4555225696634,180.327206412167,-0.033177549338307,0.933999281688756,1.06935200699878,0.870433918925888,1.66142989423921,2.7603492934717,0.837015699171847,1.37356711120468
825,0.803534042636712,0.931357860793747,68.6074870855104,180.751617592843,-0.0330674397269166,0.933695590511225,1.07049363094252,0.869005120432218,1.66167912781057,2.76117752380129,0.83766743745609,1.37341326092098
826,0.804609835941951,0.931391727614874,68.5978400107103,180.718973461368,-0.0330928182367852,0.93348526554152,1.07134926460513,0.870441809531976,1.66164507683271,2.7610643613624,0.837579636653422,1.37549897848391
827,0.804601243823573,0.931147823037939,68.7246477486178,181.073085235863,-0.0330818224949705,0.933187780126958,1.07274102181984,0.870108378528868,1.66181514275798,2.76162956869973,0.837921469387329,1.3714949233342
828,0.805623822370153,0.931591846142696,68.901438531495,181.579730046475,-0.033127523621686,0.933983427138851,1.07297961707351,0.87089499446031,1.66185026534945,2.76174630444202,0.838236707301923,1.37837696145214
829,0.809015774007751,0.933698668234035,69.1646164011888,182.253135176058,-0.0330202833439166,0.935973406153451,1.07435722663483,0.874903889311078,1.66244758468544,2.76373197182646,0.839575140374678,1.40326296727237
830,0.811470140049837,0.933220579226827,69.722204157842,183.755049604937,-0.0328403021696097,0.935604644421622,1.07910009498953,0.876616912939587,1.66339289575779,2.76687592565748,0.841611341820145,1.38863513056321
831,0.812701612617492,0.935864765119965,70.0357732361203,184.556512255218,-0.0327731583261327,0.937670096659221,1.07960260476512,0.877049552418412,1.66413065938858,2.76933085151708,0.843237835402966,1.3768932163016
832,0.814565167336992,0.935243742137466,69.8194289881319,183.825123184329,-0.0326123624999397,0.937041667074484,1.07774132168935,0.878049914811724,1.66454096128671,2.77069661180127,0.844158052672234,1.37352983931661
833,0.814305855735568,0.932637908161103,70.0758904481398,184.575848749291,-0.0324868572987943,0.935465943917706,1.08067917670632,0.877502878542451,1.66448794392195,2.77052011546152,0.844354027192338,1.36931803113587
834,0.818827276284928,0.936828359097652,70.7007702152057,186.21974858233,-0.0326128780635633,0.939481984527167,1.08365772443717,0.882426744313926,1.66574590805659,2.77470943020727,0.847164385403594,1.36247573138348
835,0.817535741437491,0.93242617807848,71.0298284680079,187.102067684745,-0.0327080529164482,0.935288147330177,1.08536471017661,0.879785565727571,1.66619076135841,2.77619165323612,0.848018790456589,1.36290394249129
836,0.819121531506849,0.934569433924479,71.0642303744816,187.157111138987,-0.0325436669620761,0.936943319148077,1.08661280027096,0.881023668996392,1.66631629286421,2.77660998786472,0.848611949956693,1.38428240742834
837,0.818321461626348,0.93163988305156,71.2572577509225,187.684661838139,-0.0325017062095746,0.934400879346683,1.09253052481698,0.879522928955854,1.6670858948125,2.77917538068279,0.850838699273764,1.40370594056259
838,0.823658460303663,0.934110511401238,71.7085287595351,188.896619159331,-0.0326290507895191,0.937361395824649,1.09280466763314,0.885213521451762,1.6676181371868,2.78095025147437,0.851872142651523,1.4175979297097
839,0.822897987455858,0.934618424275981,72.0686485290432,189.905964740867,-0.0323447434079042,0.937994354540878,1.09486688659672,0.883405730001052,1.66803077962887,2.78232668178931,0.852911846011894,1.42134936325797
840,0.826859495996349,0.940171769095197,72.5468894920653,191.149693594781,-0.0320988879073039,0.943133384847247,1.0986421106973,0.887334781360394,1.66894791416622,2.78538714019976,0.855050897659268,1.41130804593238
841,0.828179713460719,0.934052463652136,73.0294728741718,192.427375538059,-0.0321626184930103,0.937729142890976,1.10900298160165,0.888676031610542,1.66964475566376,2.78771361011548,0.856028992540485,1.42301998231671
842,0.82971870197388,0.935729242594008,73.4958279390368,193.6479953686,-0.0319689130417947,0.938566726987067,1.11608458064985,0.888900259025434,1.67073444808398,2.79135359601448,0.858534376648923,1.43360313573426
843,0.830772970708405,0.935268159153244,73.7437107561032,194.273036491317,-0.0316585374309805,0.938646373678855,1.11664971650286,0.889139133311287,1.67148108015842,2.79384900132756,0.860035153277081,1.42836594394185
844,0.830646723978236,0.935036154593335,73.891280024471,194.586553143029,-0.0315886803030471,0.938208342435532,1.11631434039863,0.888446141332279,1.67195441833234,2.79543157698103,0.861239729286554,1.43298009717491
845,0.835874997476053,0.937787869090934,74.2616002580343,195.653195482844,-0.0312742462257265,0.941461984182317,1.11857140657698,0.893691118109509,1.67235001346609,2.79675456754002,0.862121930976345,1.42236174399509
846,0.832441390145674,0.934182734837328,74.4331220357647,196.151906778882,-0.0315337021673981,0.937690219045531,1.11669397392453,0.889242940405238,1.67233318116025,2.79669826880957,0.862121273731495,1.42768355760747
847,0.834665608751914,0.933909165542627,74.7697807806748,197.026923725172,-0.0314347959781777,0.937529915061574,1.11803278245396,0.892007965811122,1.67281066875725,2.79829553350807,0.863074302298872,1.44142673865824
848,0.832789293563033,0.934065323165212,74.8476291859897,197.198981756669,-0.0313198734450646,0.936949570496616,1.1180059439781,0.889221365421178,1.67316140272403,2.79946907956545,0.864323238188455,1.42906698696418
849,0.835139939686361,0.936651347616094,75.0705149345617,197.812060029443,-0.0312331187323867,0.939956288716087,1.11733975267413,0.891607149217059,1.67336636674561,2.80015499735541,0.864734159397787,1.43055632008787
850,0.83618031285054,0.938563191431166,75.2327412006213,198.224639938342,-0.030959013014425,0.941527096537585,1.11577246937391,0.89246952219775,1.67361211590826,2.80097751451491,0.865333246344105,1.43526445496983
851,0.831877729062211,0.935150819225497,75.2597380952872,198.329919950819,-0.0311953624797552,0.938359363343132,1.11210507719416,0.887373470290525,1.67260327872919,2.79760172801562,0.862169863140702,1.42169221498583
852,0.83409164080156,0.938153571314208,75.5618159201692,199.116054114792,-0.0310412827650746,0.941359925271358,1.10546798526286,0.890921201684971,1.67314354285528,2.79940931499832,0.863355916200985,1.41404832552612
853,0.831257546864123,0.932223220964261,75.7069681864065,199.517421692427,-0.0315344083323627,0.936072432877759,1.10995311131092,0.887304092917488,1.67332273059766,2.80000896073481,0.863876496021529,1.42398075689094
854,0.832655991021505,0.934882433010548,75.9390638611635,200.14423601578,-0.0315555864181529,0.938273982947663,1.1091108682704,0.888602480061487,1.67364831440549,2.80109868031233,0.864465094488865,1.42303971582795
855,0.834381961659709,0.934647171209994,75.9433832990495,200.158581124839,-0.0316038274549834,0.937823981227888,1.10777655438635,0.889877197301541,1.67376217928238,2.80147983279609,0.864854003588728,1.42808265580826
856,0.83473257516958,0.934588163959497,76.1552709577896,200.728734498976,-0.0313364057819629,0.938047046976534,1.11026887937864,0.889309514053862,1.67442371647757,2.80369478230256,0.866504583343543,1.44325127438329
857,0.834108346878076,0.931235225057641,76.0811025378276,200.554469874276,-0.0318909023719431,0.934695706431903,1.11425176630192,0.88894533264248,1.67424532703483,2.80309741509797,0.866044081587501,1.46826619604304
858,0.835048825302663,0.932493801629742,76.119696442435,200.649919938441,-0.0318818634405105,0.936203506075006,1.11605787807558,0.889669388825921,1.67465239812808,2.80446065455612,0.867344276806941,1.46963646627621
859,0.835590443249071,0.934844645679529,76.2312713390476,200.972804157288,-0.0320054715882876,0.937831567741632,1.12080725625543,0.889698066206158,1.67442120263427,2.80368636383118,0.865794007887488,1.47458516885069
860,0.838679280460276,0.936353390977061,76.6935963070269,202.177427593439,-0.0316041045513472,0.939963992415484,1.11706285695412,0.893840948885394,1.67531343541593,2.80667510688514,0.867797716761431,1.47645250871171
861,0.835333157012355,0.933128699863953,76.8652395875038,202.630933060973,-0.0318342661194617,0.936310488700933,1.11714059258705,0.889361496007459,1.67558418863505,2.80758237320379,0.868412562667779,1.48148807440685
862,0.835620685480075,0.934256244331746,76.9423503845347,202.844321562721,-0.0317387927238385,0.937622148530577,1.11739420248446,0.889477360576542,1.67563321061182,2.80774665650527,0.868488697359728,1.48198352220341
863,0.837236509674678,0.934963638690721,77.0719331539437,203.169255103225,-0.0315787063329722,0.938129465117693,1.11705806601398,0.891391288723327,1.67588003588816,2.80857389468849,0.869133805403323,1.50274761946492
864,0.837288741896104,0.933183297347043,77.2221102044364,203.581265820548,-0.0315532313162224,0.936858796887518,1.11705411533584,0.891101928246208,1.67603618420241,2.80909729075577,0.86947123532973,1.491096797929
865,0.839998392526592,0.932476750481266,77.4471161458533,204.096895322901,-0.0318463314854594,0.936214427680545,1.12170564443232,0.89413923016817,1.67577128794312,2.80820940949453,0.868242909538269,1.4913914225278
866,0.838735272622604,0.934651322648711,77.6764665007137,204.753370991,-0.0313924061332825,0.937954204217133,1.12750784276082,0.892492778613021,1.67624968549608,2.80981300812572,0.868784940904748,1.49697384273784
867,0.841746100671716,0.935282275038545,78.0720160584657,205.765199989567,-0.0313399266296837,0.939059614866579,1.12720485799261,0.895877669144044,1.67682899888854,2.81175549151353,0.870088337637781,1.5072297058201
868,0.836845472039712,0.932862689557637,78.2394027842497,206.292404314465,-0.0311954968079671,0.936663859891024,1.1264533984439,0.889926509091451,1.67683208141752,2.81176582927099,0.869456924812533,1.50528670982913
869,0.839893566164646,0.934694546256037,78.668470071982,207.516314916626,-0.0312103999326172,0.938763879196556,1.12521737297796,0.893588770847421,1.67712014755709,2.81273198934191,0.870025642643301,1.50469777002667
870,0.839133286659673,0.933376821450754,78.8694566024439,208.070877169135,-0.0313423645414396,0.936996141588694,1.12658993975123,0.892379924856001,1.6773345041315,2.81345103875006,0.870413604914913,1.50489897859553
871,0.839193244306751,0.933732041898179,78.9150159085294,208.122386658281,-0.031525914261128,0.936394143294096,1.12589699622754,0.89216322895299,1.67725919977642,2.81319842323464,0.870612984865399,1.50138273661051
872,0.842728649860728,0.935078691713135,79.3144628029242,209.159704170684,-0.0315473135666229,0.938379054728995,1.1217756184003,0.895711614333539,1.67784036235015,2.81514828153129,0.87173308835642,1.47971498071879
873,0.841729524479859,0.93295219259517,79.5512130815143,209.794191110736,-0.0318813403325056,0.936228401096788,1.12465562505321,0.893812893180867,1.67799450117941,2.81566554598833,0.871956471540026,1.4782988468149
874,0.841654297716837,0.933016710066948,79.8600513819738,210.672180882624,-0.0319545113549366,0.9364480460805,1.12758659043502,0.893319049274717,1.67809366303326,2.81599834191238,0.872269270613923,1.47848281107921
875,0.841523455744833,0.933972468269265,79.969494297973,211.023483657587,-0.0318732055880003,0.93744702067947,1.12892056087933,0.893073957547151,1.67791293280347,2.81539181006914,0.871874866365614,1.47364491074946
876,0.845676803397602,0.934751661490751,80.1914834872968,211.603456484403,-0.0318721211236219,0.938092599430613,1.13103994406403,0.897957870248998,1.67816171177669,2.81622673087326,0.872357388427542,1.4708234472096
877,0.845209527059394,0.936040106879866,80.4746927523855,212.395086124348,-0.0315727767121875,0.939604489316792,1.13251001852921,0.89604761138468,1.67884963565155,2.81853609912736,0.874418489757475,1.48636751283297
878,0.847447105069004,0.936403703677481,80.7464082178266,213.159830200294,-0.0313682041684139,0.939687555228678,1.13327349853965,0.89849073003593,1.67918638292825,2.81966690861166,0.874821865351772,1.50345472633022
879,0.848331773634363,0.937564147930507,80.9742297286541,213.760754611399,-0.0310986971982909,0.940884722985025,1.1329026976774,0.898678332448036,1.67979598142504,2.82171453921173,0.876568306124625,1.49873273061839
880,0.846913955098448,0.935683394380068,81.2046328367593,214.435427750729,-0.0309713741353714,0.939313617465733,1.13534397297827,0.896709590815649,1.67958565405092,2.82100796929366,0.875720145696063,1.52519292542091
881,0.846955722676821,0.934762698122138,81.248008405969,214.503072061232,-0.0308281517219492,0.937997085307537,1.13517905727312,0.89760252962129,1.6797331824038,2.82150356406839,0.876280497367389,1.52827663591982
882,0.848571526710891,0.936730223580344,81.3824210506839,214.820250466873,-0.0308202700865534,0.939684311556255,1.13523043702191,0.898950394779963,1.68008568011618,2.82268789253146,0.877455739157403,1.53950695997049
883,0.848807482199223,0.935255887545303,81.4747103890181,215.046398217364,-0.0308332551781602,0.938542025707008,1.13565977597398,0.89900814174706,1.68028363248089,2.82335308558318,0.87797987536708,1.53482922825392
884,0.850424843576919,0.936490209259873,81.7490407154842,215.770476762014,-0.0307195607324348,0.93969415278096,1.13699785108813,0.90025531009507,1.68098696702376,2.82571718330373,0.879953203229139,1.54605374823212
885,0.851612398968865,0.936320430206707,81.9697728853101,216.369886222057,-0.0306529187332536,0.939899952698928,1.1380183488553,0.901229815067374,1.68127976700091,2.82670165492662,0.880700273992,1.55430842331878
886,0.848110889729297,0.934150845533383,82.019269140069,216.512225087487,-0.0306713741314422,0.93739546006757,1.13882316147419,0.896601864137338,1.68142523680806,2.82719082697505,0.881179902400347,1.54722195165819
887,0.849711689489381,0.935958776815574,81.9586452600144,216.325311091449,-0.0306437965243569,0.938997339004042,1.13703849454662,0.899075901508535,1.68136647356769,2.82699321843744,0.881291533491407,1.54558012014298
888,0.85145457264359,0.936239200105821,82.0079689029938,216.407096941665,-0.0307544087141752,0.939441571028545,1.13613096021153,0.900784965784574,1.68142583194895,2.82719282834524,0.881782108899626,1.56186065257539
889,0.851887007498335,0.936082895851232,82.1898508365278,216.898309461234,-0.0305705490723136,0.939478687083269,1.13821422735695,0.900915671125712,1.68181170813077,2.82849062160573,0.88261509748056,1.55377279055381
890,0.853217653815568,0.935297850280935,82.538248804729,217.866718220269,-0.0305313627245115,0.938936103613926,1.14068423054951,0.902160088852992,1.68206279153046,2.82933523465124,0.883176191711193,1.53829843491943
891,0.853670463616779,0.937121250748478,82.6045571737867,217.980116891036,-0.0303411944376245,0.940583594593566,1.14248633423861,0.902040516907947,1.68258358575322,2.83108752304616,0.884893852157428,1.53398124075111
892,0.857469313619344,0.936671836978439,83.1204479255615,219.348463288001,-0.0302293779371277,0.940789771961162,1.14594137759989,0.906188464766172,1.68281122114707,2.83185360601848,0.884721464022405,1.52443709662734
893,0.85586627582247,0.938336672154273,83.4752236951603,220.341064900845,-0.0301653735594669,0.941779455568213,1.14518876124186,0.903483955831128,1.68333247269978,2.83360821364554,0.886264627245647,1.52211732298516
894,0.859434756603971,0.941009307018768,83.9612329910694,221.604529418901,-0.0300206666904756,0.944718562347102,1.14432282405256,0.906930808171685,1.68408801366493,2.83615243776988,0.887729365275083,1.52180358976445
895,0.861999105534319,0.938679624801737,84.5775432795314,223.298089955512,-0.0301509803167095,0.943137924748997,1.15339265805053,0.909156298660791,1.68431060958865,2.83690222957287,0.8880242922347,1.52074798759863
896,0.863553682093736,0.941450990006504,85.2518693065581,225.120680533988,-0.0297704110897098,0.945741324151165,1.16202747765435,0.910175603749935,1.68501713502929,2.83928274534231,0.889610745479031,1.51649913352193
897,0.860863572922221,0.937226768282984,85.5599754604066,226.013116286647,-0.0298977191710549,0.942051292279613,1.16315358589687,0.906814837194512,1.68513415187966,2.83967710983118,0.889764238736515,1.51362930400172
898,0.860890304850371,0.93750375552627,85.8125472072193,226.722317608857,-0.0296129079915121,0.941581322389938,1.16509011023025,0.906695281055361,1.68549841899597,2.84090492043791,0.890178378231768,1.53011497408663
899,0.86215395016085,0.937206290598004,86.1213793497634,227.619357492739,-0.0296161682368193,0.941930391851665,1.1691899869117,0.907873210083428,1.68551616584798,2.84096474533487,0.890399293751364,1.53198279140419
900,0.863836519346164,0.939884600696528,86.3801914346649,228.266548180946,-0.0293869380325204,0.944220643090452,1.17459100133729,0.909672056105077,1.68582227921507,2.84199675709789,0.891287030165807,1.536528761332
901,0.867569741807098,0.942166325400544,86.986323502703,229.908540805059,-0.0289659038835505,0.946964240532522,1.17478312765569,0.913367760844679,1.68647054658567,2.84418290450096,0.892669407309389,1.53846273326892
902,0.866923042938813,0.938569117115918,87.3548563546461,230.830406347714,-0.0290891878592729,0.942973568884644,1.17941871973835,0.912235692984216,1.68680668060717,2.84531677774097,0.893411812923063,1.53582557684142
903,0.869318951313903,0.940090417421683,87.997683740306,232.524533636344,-0.029032683465761,0.94470572441083,1.18414157730967,0.913902544741214,1.6875088221416,2.84768602480572,0.895042528741675,1.54519029086371
904,0.867070763148834,0.941057627175736,87.9440794208544,232.323528049018,-0.0289789732875729,0.944026957030648,1.1752968589661,0.911047123391426,1.68736408359466,2.84719755060523,0.895367384456307,1.56710559969168
905,0.865051630981154,0.938224608250852,87.9520850561872,232.343322872426,-0.0288624976167591,0.942279174544537,1.17643859439042,0.908969854383017,1.68731705761541,2.84703885291992,0.895169811011223,1.57724003279123
906,0.866670343665964,0.936613350739209,88.0106480341379,232.538525573665,-0.0290399687254854,0.941431857680526,1.17629319828997,0.910720170288003,1.68724264280665,2.84678773570518,0.895133240817193,1.58125713914909
907,0.866988654895499,0.936965493529917,88.2451201771511,233.194238341479,-0.029064505057628,0.941350936078506,1.17983413693354,0.910679162943237,1.68767415276185,2.84824404590041,0.896446771284071,1.56813771558389
908,0.869216416683531,0.938736411374659,88.4761414995148,233.803993647281,-0.0291632352903262,0.94362810760702,1.18295477887712,0.91280448357163,1.68795054954427,2.84917705770679,0.897089608357495,1.55962263720364
909,0.872700365662981,0.939729808663654,89.1266180709677,235.507435212714,-0.0290136392057223,0.94455166882082,1.18400700805957,0.916283525936762,1.68837204071797,2.85060014787816,0.89755543851435,1.57706298502834
910,0.875375304124314,0.941369843515416,89.7955634227624,237.269970160352,-0.0292133274582652,0.945776962497782,1.1872502332542,0.918177584260549,1.68870651796676,2.85172970382341,0.897988150112356,1.5738545513036
